accession	genbank_accession_rev	strain	date	region	country	division	location	host	date_submitted	sra_accession	abbr_authors	authors	institution	clade	outbreak	lineage	coverage	missing_data	divergence	nonACGTN	QC_missing_data	QC_mixed_sites	QC_rare_mutations	QC_frame_shifts	QC_stop_codons	frame_shifts	is_reverse_complement	num_date
OP879754	OP879754.1	NJ-MPXV-039	2022-07-18	North America	USA	New Jersey		Homo sapiens	2022-11-22	SRR22321701	Palmateer et al.	Palmateer,N.C.	New Jersey Department of Health, Public Health and Environmental Laboratories	IIb	hMPXV-1	B.1.3	0.9603466373238544	6262	598	2	good	good	good	good	good		False	2022.5438356164384
OP881946	OP881946.1	MPXV_USA_2022_FL0027	2022-09-XX	North America	USA	Florida		Homo sapiens	2022-11-23	SRR22383423	Gigante et al.	Gigante,C.,Lee,P.,Zhao,H.,Batra,D.,Hetrick,E.,Howard,D.,Kovar,L.,Seabolt,M.,Morrison,S.,Desch,M.,Knipe,K.,Weigand,M.,Sheth,M.,Burgin,A.,Burroughs,M.,Lee,J.,Wilkins,K.,McCollum,A.,Hutson,C.,Davidson,W.,Rao,A.,Stanek,D.,Li,Y.	CDC, DHCPP-PRB	IIb	hMPXV-1	B.1.2	0.9997920987378872	41	611	0	good	good	good	good	good		False	[2022.6671232876713:2022.7465753424658]
OP890564	OP890564.1	MPXV/Human/USA/CA-LACPHL-MA00336/2022	2022-11-09	North America	USA			Homo sapiens	2022-11-24		Hemarajata et al.	Hemarajata,P.,Green,N.M.,Garrigues,J.M.	Los Angeles County Public Health Laboratories, Los Angeles County Department of Public Health	IIb	hMPXV-1	B.1.17	0.9866486823623668	1133	601	0	good	good	good	good	good		False	2022.8561643835617
OQ148472	OQ148472.1	LBMB-UTP_MP-019_VAC	2022-11-11	South America	Colombia	Valle del Cauca		Homo sapiens	2022-12-30		Tabares et al.	Tabares,F.A.,Anacona,J.D.,Lopez,P.A.,Orjuela,M.,Zuluaga-Velez,A.,Sepulveda-Arias,J.C.	Universidad Tecnologica de Pereira, Laboratorio de Biologia Molecular y Biotecnologia / Facultad de ciencias de la salud	IIb	hMPXV-1	B.1.10	0.9431466109558896	9492	574	0	mediocre	good	good	good	good		False	2022.8616438356164
OQ320457	OQ320457.1	MPXV_USA_2022_MI0005	2022-08-XX	North America	USA	Michigan		Homo sapiens	2023-01-30	SRR23195211	Gigante et al.	Gigante,C.,Johnson,S.,Zhao,H.,Batra,D.,Hetrick,E.,Howard,D.,Kovar,L.,Seabolt,M.,Morrison,S.,Weigand,M.,Knipe,K.,Sheth,M.,Burgin,A.,Burroughs,M.,Lee,J.,Wilkins,K.,McCollum,A.,Hutson,C.,Davidson,W.,Rao,A.,Riner,D.,Li,Y.	CDC, DHCPP-PRB	IIb	hMPXV-1	B.1.2	0.999781957212906	41	610	1	good	good	good	good	good		False	[2022.5821917808219:2022.664383561644]
OQ427112	OQ427112.1	MPXV_USA_2022_NV0005	2022-10-XX	North America	USA	Nevada		Homo sapiens	2023-02-18	SRR23322640	Gigante et al.	Gigante,C.,Buttery,E.,Zhao,H.,Batra,D.,Hetrick,E.,Howard,D.,Kovar,L.,Seabolt,M.,Knipe,K.,Burroughs,M.S.,Lee,J.,Wilkins,K.,McCollum,A.,Hutson,C.,Davidson,W.,Rao,A.,Raman,D.,Li,Y.	CDC, DHCPP-PRB	IIb	hMPXV-1	B.1.1	0.9997920987378872	41	609	0	good	good	good	good	good		False	[2022.7493150684932:2022.831506849315]
OQ427141	OQ427141.1	MPXV_USA_2022_FL0005	2022-06-XX	North America	USA	Florida		Homo sapiens	2023-02-18		Gigante et al.	Gigante,C.,Lee,P.,Zhao,H.,Batra,D.,Hetrick,E.,Howard,D.,Kovar,L.,Seabolt,M.,Morrison,S.,Desch,M.,Knipe,K.,Weigand,M.,Sheth,M.,Burgin,A.,Burroughs,M.,Lee,J.,Wilkins,K.,McCollum,A.,Hutson,C.,Davidson,W.,Rao,A.,Stanek,D.,Li,Y.	CDC, DHCPP-PRB	IIb	hMPXV-1	B.1.8	0.9997920987378872	41	611	0	good	good	good	good	good		False	[2022.4150684931508:2022.4945205479453]
OQ503815	OQ503815.1	MPXV/Human/USA/CA-LACPHL-MA00422/2022	2022-12-03	North America	USA			Homo sapiens	2023-02-28		Hemarajata et al.	Hemarajata,P.,Green,N.M.,Garrigues,J.M.	Los Angeles County Public Health Laboratories, Los Angeles County Department of Public Health	IIb	hMPXV-1	B.1.6	0.991166731741452	310	607	0	good	good	good	good	good		False	2022.9219178082192
OQ503829	OQ503829.1	MPXV/Human/USA/CA-LACPHL-MA00406/2023	2023-01-09	North America	USA			Homo sapiens	2023-02-28		Hemarajata et al.	Hemarajata,P.,Green,N.M.,Garrigues,J.M.	Los Angeles County Public Health Laboratories, Los Angeles County Department of Public Health	IIb	hMPXV-1	B.1	0.9792757937010989	934	595	0	good	good	good	good	good		False	2023.0232876712328
OQ547882	OQ547882.1	hMpxV/USA/CACDPH1MPX1000174/2022	2022-12-23	North America	USA			Homo sapiens	2023-03-07		Probert et al.	Probert,W.,Espinosa,A.,Kath,C.,Haw,M.,O'Neil,R.,Bell,J.,Hacker,J.	CDPH, VRDL	IIb	hMPXV-1	B.1	0.97928593522608	3373	593	1	good	good	good	good	good		False	2022.9767123287672
OQ644780	OQ644780.1	MPXV/Human/USA/CA-LACPHL-MA00474/2022	2022-11-18	North America	USA			Homo sapiens	2023-03-22		Hemarajata et al.	Hemarajata,P.,Green,N.M.,Garrigues,J.M.	Los Angeles County Public Health Laboratories, Los Angeles County Department of Public Health	IIb	hMPXV-1	B.1	0.9944424443103508	406	607	0	good	good	good	good	good		False	2022.8808219178081
OQ672572	OQ672572.1	26012023_anal	2023-01-26	Europe	Belgium			Homo sapiens	2023-03-27		Mertes et al.	Mertes,H.,Rezende,A.M.,Naesens,R.,de Block,T.,Michiels,J.,Coppens,J.,Van Dijck,C.,Bomans,P.,Arien,K.,Bottieau,E.,Van Esbroeck,M.,Liesenborghs,L.,Vercauteren,K.	Institute of Tropica Medicine, Department of Clinical Sciences	IIb	hMPXV-1	B.1	0.9695906373441374	5125	580	0	good	good	good	good	good	OPG002:44-350	False	2023.0698630136985
OQ672577	OQ672577.1	13022023_anal	2023-02-13	Europe	Belgium			Homo sapiens	2023-03-27		Mertes et al.	Mertes,H.,Rezende,A.M.,Naesens,R.,de Block,T.,Michiels,J.,Coppens,J.,Van Dijck,C.,Bomans,P.,Arien,K.,Bottieau,E.,Van Esbroeck,M.,Liesenborghs,L.,Vercauteren,K.	Institute of Tropica Medicine, Department of Clinical Sciences	IIb	hMPXV-1	B.1	0.9426040393694	10422	567	0	mediocre	good	good	mediocre	good	OPG002:49-350,OPG082:278-329,OPG082:354-356,OPG082:374-383	False	2023.1191780821919
OQ721952	OQ721952.1	MPXV/human/Taiwan/240031000030/2023	2023-03-XX	Asia	Taiwan			Homo sapiens	2023-04-05		Lin et al.	Lin,J.-H.,Chiu,S.-C.,Huang,H.-I.,Huang,W.-L.,Li,T.-Y.,Fann,W.-B.,Hsieh,P.-Y.,Yang,J.-Y.	Centers for Disease Control, Taiwan, Center of Diagnostics and Vaccine Development	IIb	hMPXV-1	C.1	1.0	0	619	0	good	good	good	good	good		False	[2023.16301369863:2023.2452054794521]
OR035721	OR035721.1	MPXV/UZ_REGA_115	2022-10-28	Europe	Belgium			Homo sapiens	2023-05-29		Wawina-Bokalanga et al.	Wawina-Bokalanga,T.,Vanmechelen,B.,Logist,A.-S.,Ysebaert,L.,Verlinden,J.,Horemans,M.,Van Holm,B.,Bloemen,M.,Maes,P.	KU Leuven, Microbiology, Immunology and Transplantation	IIb	hMPXV-1	B.1.15	0.9884082369465896	2186	604	0	good	good	good	good	good		False	2022.823287671233
OR160415	OR160415.1	hMpxV/USA/IL-RIPHL-MPXV-050-0057/2023	2023-05-18	North America	USA	Illinois	Cook County IL	Homo sapiens	2023-06-27		Green et al.	Green,S.,Kunstman,K.,Barbian,H.,Araujo Perez,F.,Kittner,A.,Bobrovska,S.	Rush University Meical Center, Regional Innovative Public Health Laboratory (RIPHL)	IIb	hMPXV-1	B.1.20	0.996278060331932	42	611	0	good	good	good	good	good		False	2023.376712328767
OR264463	OR264463.1	9_A	2022-08-19	Oceania	Australia	Victoria		Homo sapiens	2023-08-09		Taouk et al.	Taouk,M.L.,Steinig,E.,Taiaroa,G.,Savic,I.	The Peter Doherty Institute for Infection and Immunity at the University of Melbourne, Department of Infectious Diseases	IIb	hMPXV-1	B.1.7	0.9579278836158592	8198	573	0	mediocre	good	good	mediocre	good	OPG044:149-150,OPG097:267-345	False	2022.631506849315
OR421483	OR421483.1	hMpxV/USA/IL-RIPHL-MPXV-04-0045/2023	2023-05-16	North America	USA	Illinois	Cook County IL	Homo sapiens	2023-09-06		Green et al.	Green,S.,Kunstman,K.,Barbian,H.,Araujo Perez,F.,Kittner,A.,Bobrovska,S.	Rush University Medical Center, Regional Innovative Public Health Laboratory (RIPHL)	IIb	hMPXV-1	B.1.20	0.9899243949312658	1295	610	0	good	good	good	good	good		False	2023.3712328767124
OR449714	OR449714.1	MPXV/Germany/2022/ON/RKI1000	2022-07-XX	Europe	Germany			Homo sapiens	2023-08-22		Brinkmann et al.	Brinkmann,A.,Pape,K.,Kohl,C.,Schrick,L.,Michel,J.,Schaade,L.,Nitsche,A.	Robert Koch Institute, Centre for Biological Threats, Highly Pathogenic Viruses	IIb	hMPXV-1	B.1	0.9645756532409778	475	579	0	good	good	good	good	good	OPG193:264-268	False	[2022.4972602739726:2022.5794520547945]
OR459778	OR459778.1	MPXV-ROK-P005-2023	2023-03-13	Asia	South Korea			Homo sapiens	2023-08-26	SRR25627324	Chung et al.	Chung,Y.-S.,Yi,H.,Choi,M.-M.,Kim,J.-W.,Lee,M.,Lee,S.,Sim,G.,Lee,J.H.,Shin,H.,Choi,C.	Korea Disease Control and Prevention Agency, Division of High-risk Pathogens	IIb	hMPXV-1	C.1	1.0	0	616	0	good	good	good	good	good		False	2023.195890410959
OR459792	OR459792.1	MPXV-ROK-P019-2023	2023-04-19	Asia	South Korea			Homo sapiens	2023-08-26	SRR25627338	Chung et al.	Chung,Y.-S.,Yi,H.,Choi,M.-M.,Kim,J.-W.,Lee,M.,Lee,S.,Sim,G.,Lee,J.H.,Shin,H.,Choi,C.	Korea Disease Control and Prevention Agency, Division of High-risk Pathogens	IIb	hMPXV-1	C.1	1.0	0	614	0	good	good	good	good	good		False	2023.2972602739726
OR464209	OR464209.1	MPXV_USA_2022_TX0056	2022-12-XX	North America	USA	Texas		Homo sapiens	2023-08-27		Gigante et al.	Gigante,C.,Kubin,G.,Zhao,H.,Batra,D.,Hetrick,E.,Howard,D.,Kovar,L.,Seabolt,M.,Morrison,S.,Desch,M.,Knipe,K.,Weigand,M.,Mcgrath,D.,Takakuwa,J.,Burgin,A.,Burroughs,M.,Lee,J.,Wilkins,K.,Mccollum,A.,Hutson,C.,Davidson,W.,Rao,A.,White,S.,Li,Y.	CDC, DHCPP-PRB	IIb	hMPXV-1	B.1	0.9997920987378872	41	610	0	good	good	good	good	good		False	[2022.9164383561645:2022.9986301369863]
OR473617	OR473617.1	hMpxV/USA/IL-RIPHL-MPXV-050-0085/2023	2023-07-11	North America	USA	Illinois	Cook County IL	Homo sapiens	2023-08-29		Green et al.	Green,S.,Kunstman,K.,Barbian,H.,Araujo Perez,F.,Kittner,A.,Bobrovska,S.	Rush University Medical Center, Regional Innovative Public Health Laboratory (RIPHL)	IIb	hMPXV-1	B.1.20	0.9816083444467544	2079	606	0	good	good	good	good	good		False	2023.5246575342467
OR488000	OR488000.1	MPXV/PT0682/2023	2023-08-07	Europe	Portugal			Homo sapiens	2023-09-04		Isidro et al.	Isidro,J.,Borges,V.,Pinto,M.,Sobral,D.,Santos,J.,Nunes,A.,Mixao,V.,Ferreira,R.,Santos,D.,Duarte,S.,Vieira,L.,Borrego,M.J.,Nuncio,S.,Lopes de Carvalho,I.,Pelerito,A.,Cordeiro,R.,Gomes,J.P.	National Institute of Health Doutor Ricardo Jorge, Portugal (INSA), Department of Infectious Diseases	IIb	hMPXV-1	C.1	0.9390240810510676	10463	590	0	mediocre	good	good	good	good		False	2023.5986301369862
OR499964	OR499964.1	MPXV/Human/USA/CA-LACPHL-MA00507/2023	2023-04-10	North America	USA			Homo sapiens	2023-09-05		Garrigues et al.	Garrigues,J.M.,Green,N.M.	Los Angeles County Public Health Laboratories	IIb	hMPXV-1	B.1.20	0.980071903412116	2343	599	0	good	good	good	good	good		False	2023.272602739726
OR499970	OR499970.1	MPXV/Human/USA/CA-LACPHL-MA00513/2023	2023-05-04	North America	USA			Homo sapiens	2023-09-05		Garrigues et al.	Garrigues,J.M.,Green,N.M.	Los Angeles County Public Health Laboratories	IIb	hMPXV-1	B.1	0.983372969793468	1785	600	1	good	good	good	good	good		False	2023.3383561643836
OR499972	OR499972.1	MPXV/Human/USA/CA-LACPHL-MA00515/2023	2023-04-25	North America	USA			Homo sapiens	2023-09-05		Garrigues et al.	Garrigues,J.M.,Green,N.M.	Los Angeles County Public Health Laboratories	IIb	hMPXV-1	B.1.20	0.988758119558438	1024	607	1	good	good	good	good	good		False	2023.313698630137
OR500002	OR500002.1	MPXV/Human/USA/CA-LACPHL-MA00546/2023	2023-06-12	North America	USA			Homo sapiens	2023-09-05		Garrigues et al.	Garrigues,J.M.,Green,N.M.	Los Angeles County Public Health Laboratories	IIb	hMPXV-1	B.1.20	0.9512141940783636	6170	583	0	good	good	good	good	good		False	2023.445205479452
OR500086	OR500086.1	hMpxV/Romania/B-35_R3/2023	2023-02-15	Europe	Romania			Homo sapiens	2023-09-05		Hohan et al.	Hohan,R.,Vlaicu,O.,Banica,L.,Surleac,M.,Paraschiv,S.,Otelea,D.	National Institute for Infectious Diseases 'Matei Bals', Molecular Diagnostics Laboratory	IIb	hMPXV-1	B.1.1	0.9355556795075276	56	570	0	good	good	good	good	good	OPG197:38-101	False	2023.1246575342466
OR502628	OR502628.1	hMpxV/USA/IL-RIPHL-052-0092/2023	2023-07-23	North America	USA	Illinois	Cook County IL	Homo sapiens	2023-09-06		Green et al.	Green,S.,Kunstman,K.,Barbian,H.,Araujo Perez,F.,Kittner,A.,Bobrovska,S.	Rush University Medical Center, Regional Innovative Public Health Laboratory (RIPHL)	IIb	hMPXV-1	B.1.20	0.9699912275808912	4368	602	2	good	good	good	good	good		False	2023.5575342465754
OR601604	OR601604.1	Z22IRL00908	2023-08-18	Europe	Ireland			Homo sapiens	2024-05-06		Gonzalez et al.	Gonzalez,G.,Carr,M.,Kelleher,T.M.,O'Byrne,E.,Banka,W.,Keogan,B.,Bennett,C.,Franzoni,G.,Keane,P.,Kenna,C.,Meredith,L.W.,Fletcher,N.,Urtasun-Elizari,J.M.,Dean,J.,Browne,C.,Lyons,F.,Crowley,B.,Igoe,D.,Robinson,E.,Martin,G.,Connell,J.,De Gascun,C.F.,Hare,D.	University College Dublin, National Virus Reference Laboratory	IIb	hMPXV-1	C.1	0.9969321886932138	533	619	0	good	good	good	good	good		False	2023.6287671232876
OR777678	OR777678.1	MPXV/Germany/2023/ON/RKI1040	2023-10-XX	Europe	Germany			Homo sapiens	2023-11-13		Brinkmann et al.	Brinkmann,A.,Kohl,C.,Schrick,L.,Michel,J.,Schaade,L.,Nitsche,A.	Robert Koch Institute, Centre for Biological Threats, Highly Pathogenic Viruses	IIb	hMPXV-1	B.1	0.9655745934516172	288	583	0	good	good	good	good	good		False	[2023.7493150684932:2023.831506849315]
OR804472	OR804472.1	MPV/PT0702/2023	2023-08-08	Europe	Portugal			Homo sapiens	2023-11-20		Isidro et al.	Isidro,J.,Borges,V.,Pinto,M.,Sobral,D.,Santos,J.,Nunes,A.,Mixao,V.,Ferreira,R.,Santos,D.,Duarte,S.,Vieira,L.,Borrego,M.J.,Nuncio,S.,Lopes de Carvalho,I.,Pelerito,A.,Cordeiro,R.,Gomes,J.P.	National Institute of Health Doutor Ricardo Jorge, Portugal (INSA), Department of Infectious Diseases	IIb	hMPXV-1	C.1	0.9666090289996908	5757	603	0	good	good	good	good	good		False	2023.6013698630136
OR804500	OR804500.1	MPV/PT0733/2023	2023-09-19	Europe	Portugal			Homo sapiens	2023-11-20		Isidro et al.	Isidro,J.,Borges,V.,Pinto,M.,Sobral,D.,Santos,J.,Nunes,A.,Mixao,V.,Ferreira,R.,Santos,D.,Duarte,S.,Vieira,L.,Borrego,M.J.,Nuncio,S.,Lopes de Carvalho,I.,Pelerito,A.,Cordeiro,R.,Gomes,J.P.	National Institute of Health Doutor Ricardo Jorge, Portugal (INSA), Department of Infectious Diseases	IIb	hMPXV-1	C.1	0.9590180975513288	7284	593	0	mediocre	good	good	good	good		False	2023.7164383561644
OR855748	OR855748.1	MPXV-ROK-P53/05-2023	2023-06-23	Asia	South Korea			Homo sapiens	2023-12-04	SRR26937635	Chung et al.	Chung,Y.-S.,Yi,H.,Choi,M.-M.,Kim,J.-W.,Lee,M.,Lee,S.E.,Sim,G.,Lee,J.H.,Shin,H.,Choi,C.-H.	Korea Disease Control and Prevention Agency, Division of High-risk Pathogens	IIb	hMPXV-1	C.1	1.0	0	617	0	good	good	good	good	good		False	2023.4753424657533
OR855751	OR855751.1	MPXV-ROK-P53/08-2023	2023-07-05	Asia	South Korea			Homo sapiens	2023-12-04	SRR26937632	Chung et al.	Chung,Y.-S.,Yi,H.,Choi,M.-M.,Kim,J.-W.,Lee,M.,Lee,S.E.,Sim,G.,Lee,J.H.,Shin,H.,Choi,C.-H.	Korea Disease Control and Prevention Agency, Division of High-risk Pathogens	IIb	hMPXV-1	C.1	1.0	0	617	0	good	good	good	good	good		False	2023.5082191780823
OR876394	OR876394.1	MpxV/human/USA/WA-UW-112470/2023	2023-11-XX	North America	USA	Washington		Homo sapiens	2023-12-10	SRR26962061	Sereewit et al.	Sereewit,J.,Nunley,E.B.,Xie,H.,Roychoudhury,P.,Greninger,A.L.	University of Washington Dept. Laboratory Medicine and Pathology, Virology Division	IIb	hMPXV-1	B.1.20	1.0	0	624	0	good	good	good	good	good		False	[2023.8342465753424:2023.9136986301369]
PP024993	PP024993.1	MPXV/PT0741/2023	2023-09-25	Europe	Portugal			Homo sapiens	2023-12-27		Isidro et al.	Isidro,J.,Borges,V.,Pinto,M.,Sobral,D.,Santos,J.,Nunes,A.,Mixao,V.,Ferreira,R.,Santos,D.,Duarte,S.,Vieira,L.,Borrego,M.,Nuncio,S.,Lopes de Carvalho,I.,Pelerito,A.,Cordeiro,R.,Gomes,J.P.	National Institute of Health Doutor Ricardo Jorge, Portugal (INSA), Department of Infectious Diseases	IIb	hMPXV-1	C.1	0.9413718440841948	10826	596	0	mediocre	good	good	good	good		False	2023.7328767123288
PP025006	PP025006.1	MPXV/PT0758/2023	2023-10-10	Europe	Portugal			Homo sapiens	2023-12-27		Isidro et al.	Isidro,J.,Borges,V.,Pinto,M.,Sobral,D.,Santos,J.,Nunes,A.,Mixao,V.,Ferreira,R.,Santos,D.,Duarte,S.,Vieira,L.,Borrego,M.,Nuncio,S.,Lopes de Carvalho,I.,Pelerito,A.,Cordeiro,R.,Gomes,J.P.	National Institute of Health Doutor Ricardo Jorge, Portugal (INSA), Department of Infectious Diseases	IIb	hMPXV-1	C.1	0.9782565704404972	2876	611	0	good	good	good	good	good		False	2023.7739726027398
PP025037	PP025037.1	MPXV/PT0803/2023	2023-11-28	Europe	Portugal			Homo sapiens	2023-12-27		Isidro et al.	Isidro,J.,Borges,V.,Pinto,M.,Sobral,D.,Santos,J.,Nunes,A.,Mixao,V.,Ferreira,R.,Santos,D.,Duarte,S.,Vieira,L.,Borrego,M.,Nuncio,S.,Lopes de Carvalho,I.,Pelerito,A.,Cordeiro,R.,Gomes,J.P.	National Institute of Health Doutor Ricardo Jorge, Portugal (INSA), Department of Infectious Diseases	IIb	hMPXV-1	C.1	0.940824201735215	10820	602	0	mediocre	good	good	good	good		False	2023.9082191780822
PP093718	PP093718.1	MPXV/Germany/2023/ON/RKI1065	2023-11-XX	Europe	Germany			Homo sapiens	2024-01-15		Brinkmann et al.	Brinkmann,A.,Kohl,C.,Schrick,L.,Michel,J.,Schaade,L.,Nitsche,A.	Robert Koch Institute, Centre for Biological Threats, Highly Pathogenic Viruses	IIb	hMPXV-1	C.1	0.9667560811119168	55	597	0	good	good	good	good	good		False	[2023.8342465753424:2023.9136986301369]
PP182134	PP182134.1	MPXV/Germany/2023/ON/RKI1081	2023-12-XX	Europe	Germany			Homo sapiens	2024-01-28		Brinkmann et al.	Brinkmann,A.,Kohl,C.,Schrick,L.,Michel,J.,Schaade,L.,Nitsche,A.	Robert Koch Institute, Centre for Biological Threats, Highly Pathogenic Viruses	IIb	hMPXV-1	B.1	0.9647277761156944	446	585	0	good	good	good	good	good		False	[2023.9164383561645:2023.9986301369863]
PP208823	PP208823.1	MPV/Human/USA/CA-LACPHL-MA00566/2023	2023-12-22	North America	USA			Homo sapiens	2024-01-31		McCann et al.	McCann,S.P.,Garrigues,J.M.,Green,N.M.	Los Angeles County Department of Public Health Laboratory	IIb	hMPXV-1	B.1.20	0.973829794786242	2558	596	1	good	good	good	good	good		False	2023.9739726027397
PP338777	PP338777.1	MPXV/Human/USA/CA-LACPHL-MA00567/2024	2024-01-24	North America	USA			Homo sapiens	2024-02-20		McCann et al.	McCann,S.P.,Green,N.M.	Los Angeles County Department of Public Health Laboratory, Sequencing Unit	IIb	hMPXV-1	B.1.20	0.9794279165758156	1027	601	2	good	good	good	good	good		False	2024.0642076502731
PP437881	PP437881.1	MPXV/Human/USA/CA-LACPHL-MA00585/2024	2024-02-07	North America	USA			Homo sapiens	2024-03-11		McCann et al.	McCann,S.P.,Green,N.M.,Garrigues,J.M.	Los Angeles County Department of Public Health Laboratory, Sequencing Unit	IIb	hMPXV-1	B.1.20	0.9814714338595094	1058	609	2	good	good	good	good	good		False	2024.1024590163934
PP481194	PP481194.1	MPXV/PT0815/2024	2024-01-13	Europe	Portugal			Homo sapiens	2024-03-19		Isidro et al.	Isidro,J.,Borges,V.,Pinto,M.,Sobral,D.,Santos,J.,Nunes,A.,Mixao,V.,Ferreira,R.,Santos,D.,Duarte,S.,Vieira,L.,Borrego,M.J.,Nuncio,S.,Lopes de Carvalho,I.,Pelerito,A.,Cordeiro,R.,Gomes,J.P.	National Institute of Health Doutor Ricardo Jorge, Portugal (INSA), Department of Infectious Diseases	IIb	hMPXV-1	C.1	0.98540127478969	1945	623	0	good	good	good	good	good		False	2024.0341530054645
PP507065	PP507065.1	MPXV/Human/USA/CA-LACPHL-MA00598/2023	2023-10-26	North America	USA			Homo sapiens	2024-03-26		Garrigues et al.	Garrigues,J.M.,Green,N.M.	Los Angeles County Public Health Laboratories	IIb	hMPXV-1	B.1.20	0.9710611584663986	3389	594	3	good	good	good	good	good		False	2023.817808219178
PP507093	PP507093.1	MPXV/Human/USA/CA-LACPHL-MA00596/2023	2023-09-01	North America	USA			Homo sapiens	2024-03-26		Garrigues et al.	Garrigues,J.M.,Green,N.M.	Los Angeles County Public Health Laboratories	IIb	hMPXV-1	B.1.20	0.9595150322754032	4975	580	1	good	good	good	good	good		False	2023.6671232876713
PP533278	PP533278.1	NY-NYCPHL-001192	2023-01-XX	North America	USA	New York	New York City	Homo sapiens	2024-03-31		Clabby et al.	Clabby,T.T.,Wang,J.C.,Amin,H.S.,Taki,F.,Su,M.,De La Cruz,N.,Olsen,A.,Thi,C.,Silver,S.,Akther,S.,Chowdhury,M.,Omoregie,E.,Siemetzki-Kapoor,U.	NYC Department of Health and Mental Hygiene, Public Health Laboratory	IIb	hMPXV-1	B.1	0.9921808842395632	0	614	0	good	good	good	good	good		False	[2023.0013698630137:2023.0835616438355]
PP533283	PP533283.1	NY-NYCPHL-001197	2023-02-XX	North America	USA	New York	New York City	Homo sapiens	2024-03-31		Clabby et al.	Clabby,T.T.,Wang,J.C.,Amin,H.S.,Taki,F.,Su,M.,De La Cruz,N.,Olsen,A.,Thi,C.,Silver,S.,Akther,S.,Chowdhury,M.,Omoregie,E.,Siemetzki-Kapoor,U.	NYC Department of Health and Mental Hygiene, Public Health Laboratory	IIb	hMPXV-1	B.1	0.9922214503394876	0	606	0	good	good	good	good	good		False	[2023.0863013698631:2023.1602739726027]
PP533290	PP533290.1	NY-NYCPHL-001212	2023-06-XX	North America	USA	New York	New York City	Homo sapiens	2024-03-31		Clabby et al.	Clabby,T.T.,Wang,J.C.,Amin,H.S.,Taki,F.,Su,M.,De La Cruz,N.,Olsen,A.,Thi,C.,Silver,S.,Akther,S.,Chowdhury,M.,Omoregie,E.,Siemetzki-Kapoor,U.	NYC Department of Health and Mental Hygiene, Public Health Laboratory	IIb	hMPXV-1	B.1.20	0.9882003356844768	772	607	1	good	good	good	good	good		False	[2023.4150684931508:2023.4945205479453]
PP533317	PP533317.1	NY-NYCPHL-001282	2024-02-XX	North America	USA	New York	New York City	Homo sapiens	2024-03-31		Clabby et al.	Clabby,T.T.,Wang,J.C.,Amin,H.S.,Taki,F.,Su,M.,De La Cruz,N.,Olsen,A.,Thi,C.,Silver,S.,Akther,S.,Chowdhury,M.,Omoregie,E.,Siemetzki-Kapoor,U.	NYC Department of Health and Mental Hygiene, Public Health Laboratory	IIb	hMPXV-1	B.1.20	0.9678310827599146	5660	601	0	good	good	good	good	good		False	[2024.0860655737704:2024.1625683060108]
PP533355	PP533355.1	NY-NYCPHL-001295	2024-02-XX	North America	USA	New York	New York City	Homo sapiens	2024-03-31		Clabby et al.	Clabby,T.T.,Wang,J.C.,Amin,H.S.,Taki,F.,Su,M.,De La Cruz,N.,Olsen,A.,Thi,C.,Silver,S.,Akther,S.,Chowdhury,M.,Omoregie,E.,Siemetzki-Kapoor,U.	NYC Department of Health and Mental Hygiene, Public Health Laboratory	IIb	hMPXV-1	B.1.20	0.9756856938577854	3260	606	1	good	good	good	good	good		False	[2024.0860655737704:2024.1625683060108]
PP588408	PP588408.1	hMpxV/USA/IL-RIPHL-050-0170/2024	2024-03-09	North America	USA	Illinois	Cook County IL	Homo sapiens	2024-04-10		Green et al.	Green,S.,Kunstman,K.,Barbian,H.,Araujo Perez,F.,Kittner,A.,Bobrovska,S.,Newcomer,E.	Rush University Medical Center, Regional Innovative Public Health Laboratory (RIPHL)	IIb	hMPXV-1	C.1	0.9902844190680952	686	628	0	good	good	good	good	good		False	2024.1871584699454
PP751809	PP751809.1	NY-NYCPHL-001317	2024-04-XX	North America	USA	New York	New York City	Homo sapiens	2024-05-08		Clabby et al.	Clabby,T.,Amin,H.S.,Taki,F.,Su,M.,Wang,J.C.,De La Cruz,N.,Olsen,A.,Thi,C.,Akther,S.,Chowdhury,M.,Omoregie,E.,Polanco,M.,Chen,X.	NYC Department of Health and Mental Hygiene, Public Health Laboratory	IIb	hMPXV-1	C.1	0.9649711727152412	5361	606	0	good	good	good	good	good		False	[2024.25:2024.3292349726776]
PP751823	PP751823.1	NY-NYCPHL-001307	2024-03-XX	North America	USA	New York	New York City	Homo sapiens	2024-05-08		Clabby et al.	Clabby,T.,Amin,H.S.,Taki,F.,Su,M.,Wang,J.C.,De La Cruz,N.,Olsen,A.,Thi,C.,Akther,S.,Chowdhury,M.,Omoregie,E.,Polanco,M.,Chen,X.	NYC Department of Health and Mental Hygiene, Public Health Laboratory	IIb	hMPXV-1	B.1.20	0.9606103169733632	6547	596	0	good	good	good	good	good		False	[2024.1653005464482:2024.2472677595629]
PP754992	PP754992.1	WA-UW-251694	2024-04-16	North America	USA	Washington		Homo sapiens	2024-05-08		Roychoudhury et al.	Roychoudhury,P.,Xie,X.,Sereewit,J.,Ellis,S.,Greninger,A.	University of Washington, Laboratory Medicine and Pathology	IIb	hMPXV-1	B.1.20	1.0	0	622	0	good	good	good	good	good		False	2024.2909836065573
PP776544	PP776544.1	MPXV/Germany/2024/ON/RKI1082	2024-01-XX	Europe	Germany			Homo sapiens	2024-05-14		Brinkmann et al.	Brinkmann,A.,Kohl,C.,Schrick,L.,Michel,J.,Schaade,L.,Nitsche,A.	Robert Koch Institute, Centre for Biological Threats, Highly Pathogenic Viruses	IIb	hMPXV-1	B.1.20	0.9657774239512396	248	591	0	good	good	good	good	good		False	[2024.0013661202186:2024.0833333333333]
PP852952	PP852952.1	VSP194	2022-01-01	Africa	Nigeria	Borno State		Homo sapiens	2024-07-09		Parker et al.	Parker,E.,Omah,I.F.,Varilly,P.,Magee,A.,Ayinla,A.O.,Sijuwola,A.E.,Ahmed,M.I.,Ope-ewe,O.O.,Ogunsanya,O.A.,Olono,A.,Eromon,P.,Tomkins-Tinch,C.H.,Otieno,J.R.,Akanbi,O.,Egwuenu,A.,Ehiakhamen,O.,Chukwu,C.,Suleiman,K.,Akinpelu,A.,Ahmad,A.,Imam,K.I.,Ojedele,R.,Oripenaye,V.,Ikeata,K.,Adelakun,S.,Olajumoke,B.,Djuicy,D.D.,Messanga Essengue,L.L.,Moumbeket Yifomnjou,M.H.,Zeller,M.,Gangavarapu,K.,O'Toole,A.,Park,D.J.,Mboowa,G.,Tessema,S.K.,Tebeje,Y.K.,Folarin,O.,Happi,A.,Lemey,P.,Suchard,M.A.,Andersen,K.G.,Sabeti,P.,Rambaut,A.,Njoum,R.,Ihekweazu,C.,Jide,I.,Adetifa,I.,Happi,C.T.,Omah,I.,Isa Imam,K.,Tomkins-Tinch,C.,Richard Otieno,J.,Doreen Djuicy,D.,Landry Messanga Essengue,L.,Henri Moumbeket Yifomnjou,M.,Moneyang Francoise Cely,F.,Flavien,K.,Cyrielle Gonofio,E.,Anne Feissona Senam,R.,Dzeret Indolo,G.,Reize Bani Ampiri,V.,Aymard,D.,Luakanda,G.,J Park,D.,Lemmey,P.,Suchard,M.,Andersen,K.,Mbala,P.,Happi,C.	University of Edinburgh, Institute of Ecology and Evolution	IIb	hMPXV-1	A.2.3	0.9999949292375094	1	593	0	good	good	good	good	good	OPG174:290-347	False	2022.0013698630137
PP852968	PP852968.1	VSP210	2023-03-21	Africa	Nigeria	Enugu		Homo sapiens	2024-07-09		Parker et al.	Parker,E.,Omah,I.F.,Varilly,P.,Magee,A.,Ayinla,A.O.,Sijuwola,A.E.,Ahmed,M.I.,Ope-ewe,O.O.,Ogunsanya,O.A.,Olono,A.,Eromon,P.,Tomkins-Tinch,C.H.,Otieno,J.R.,Akanbi,O.,Egwuenu,A.,Ehiakhamen,O.,Chukwu,C.,Suleiman,K.,Akinpelu,A.,Ahmad,A.,Imam,K.I.,Ojedele,R.,Oripenaye,V.,Ikeata,K.,Adelakun,S.,Olajumoke,B.,Djuicy,D.D.,Messanga Essengue,L.L.,Moumbeket Yifomnjou,M.H.,Zeller,M.,Gangavarapu,K.,O'Toole,A.,Park,D.J.,Mboowa,G.,Tessema,S.K.,Tebeje,Y.K.,Folarin,O.,Happi,A.,Lemey,P.,Suchard,M.A.,Andersen,K.G.,Sabeti,P.,Rambaut,A.,Njoum,R.,Ihekweazu,C.,Jide,I.,Adetifa,I.,Happi,C.T.,Omah,I.,Isa Imam,K.,Tomkins-Tinch,C.,Richard Otieno,J.,Doreen Djuicy,D.,Landry Messanga Essengue,L.,Henri Moumbeket Yifomnjou,M.,Moneyang Francoise Cely,F.,Flavien,K.,Cyrielle Gonofio,E.,Anne Feissona Senam,R.,Dzeret Indolo,G.,Reize Bani Ampiri,V.,Aymard,D.,Luakanda,G.,J Park,D.,Lemmey,P.,Suchard,M.,Andersen,K.,Mbala,P.,Happi,C.	University of Edinburgh, Institute of Ecology and Evolution	IIb	hMPXV-1	A.2.3	0.9999898584750188	2	593	0	good	good	good	good	good	OPG174:290-347	False	2023.217808219178
PP852984	PP852984.1	TRM281	2022-10-11	Africa	Nigeria	Imo		Homo sapiens	2024-07-09		Parker et al.	Parker,E.,Omah,I.F.,Varilly,P.,Magee,A.,Ayinla,A.O.,Sijuwola,A.E.,Ahmed,M.I.,Ope-ewe,O.O.,Ogunsanya,O.A.,Olono,A.,Eromon,P.,Tomkins-Tinch,C.H.,Otieno,J.R.,Akanbi,O.,Egwuenu,A.,Ehiakhamen,O.,Chukwu,C.,Suleiman,K.,Akinpelu,A.,Ahmad,A.,Imam,K.I.,Ojedele,R.,Oripenaye,V.,Ikeata,K.,Adelakun,S.,Olajumoke,B.,Djuicy,D.D.,Messanga Essengue,L.L.,Moumbeket Yifomnjou,M.H.,Zeller,M.,Gangavarapu,K.,O'Toole,A.,Park,D.J.,Mboowa,G.,Tessema,S.K.,Tebeje,Y.K.,Folarin,O.,Happi,A.,Lemey,P.,Suchard,M.A.,Andersen,K.G.,Sabeti,P.,Rambaut,A.,Njoum,R.,Ihekweazu,C.,Jide,I.,Adetifa,I.,Happi,C.T.,Omah,I.,Isa Imam,K.,Tomkins-Tinch,C.,Richard Otieno,J.,Doreen Djuicy,D.,Landry Messanga Essengue,L.,Henri Moumbeket Yifomnjou,M.,Moneyang Francoise Cely,F.,Flavien,K.,Cyrielle Gonofio,E.,Anne Feissona Senam,R.,Dzeret Indolo,G.,Reize Bani Ampiri,V.,Aymard,D.,Luakanda,G.,J Park,D.,Lemmey,P.,Suchard,M.,Andersen,K.,Mbala,P.,Happi,C.	University of Edinburgh, Institute of Ecology and Evolution	IIb	hMPXV-1	A.3	0.9967192166686104	642	593	5	good	good	good	good	good	OPG174:2-347	False	2022.7767123287672
PP918963	PP918963.1	MPXV/Human/USA/CA-LACPHL-MA00629/2024	2024-05-28	North America	USA			Homo sapiens	2024-06-23		Heibeck et al.	Heibeck,N.,Garrigues,J.,Green,N.	Los Angeles Department of Public Health, Los Angeles Department of Public Health Laboratory	IIb	hMPXV-1	B.1.20	0.8672525087597422	23255	540	1	bad	good	good	good	good		False	2024.405737704918
PQ008837	PQ008837.1	MPXV/Germany/2024/ON/RKI1095	2024-05-XX	Europe	Germany			Homo sapiens	2024-07-20		Brinkmann et al.	Brinkmann,A.,Kohl,C.,Schrick,L.,Michel,J.,Schaade,L.,Nitsche,A.	Robert Koch Institute, Centre for Biological Threats, Highly Pathogenic Viruses	IIb	hMPXV-1	B.1.20	0.9655745934516172	279	595	0	good	good	good	good	good		False	[2024.3319672131147:2024.4139344262296]
PQ065583	PQ065583.1	NY-NYCPHL-001348	2024-06-XX	North America	USA	New York	New York City	Homo sapiens	2024-07-29		Clabby et al.	Clabby,T.,Amin,H.S.,Taki,F.,Su,M.,Wang,J.C.,De La Cruz,N.,Olsen,A.,Thi,C.,Akther,S.,Chowdhury,M.,Omoregie,E.,Polanco,M.,Chen,X.,Siemetzki-Kapoor,U.	NYC Department of Health and Mental Hygiene, Public Health Laboratory	IIb	hMPXV-1	B.1.20	0.9881394865345902	805	613	0	good	good	good	good	good		False	[2024.4166666666667:2024.4959016393443]
PQ065597	PQ065597.1	NY-NYCPHL-0001362	2024-07-XX	North America	USA	New York	New York City	Homo sapiens	2024-07-29		Clabby et al.	Clabby,T.,Amin,H.S.,Taki,F.,Su,M.,Wang,J.C.,De La Cruz,N.,Olsen,A.,Thi,C.,Akther,S.,Chowdhury,M.,Omoregie,E.,Polanco,M.,Chen,X.,Siemetzki-Kapoor,U.	NYC Department of Health and Mental Hygiene, Public Health Laboratory	IIb	hMPXV-1	B.1.20	0.9642561952040728	5507	593	0	good	good	good	good	good		False	[2024.4986338797814:2024.5806010928961]
PQ159965	PQ159965.1	hMpxV/USA/CA-CDPH-1M1000607/2024	2024-05-29	North America	USA			Homo sapiens	2024-08-14		Kath et al.	Kath,C.,Haw,M.,Espinosa,A.,Hacker,J.	CDPH, VRDL	IIb	hMPXV-1	B.1	0.9858069357889346	1259	610	0	good	good	good	good	good	OPG096:82-93	False	2024.4084699453551
PQ159982	PQ159982.1	hMpxV/USA/CA-CDPH-1M1000630/2024	2024-06-03	North America	USA			Homo sapiens	2024-08-14		Kath et al.	Kath,C.,Haw,M.,Espinosa,A.,Hacker,J.	CDPH, VRDL	IIb	hMPXV-1	B.1.20	0.9623242346951713	6247	591	6	good	good	good	good	good		False	2024.422131147541
PQ159985	PQ159985.1	hMpxV/USA/CA-CDPH-1M1000634/2024	2024-06-17	North America	USA			Homo sapiens	2024-08-14		Kath et al.	Kath,C.,Haw,M.,Espinosa,A.,Hacker,J.	CDPH, VRDL	IIb	hMPXV-1	B.1.20	0.966228721812899	5491	597	0	good	good	good	good	good		False	2024.4603825136612
PQ159989	PQ159989.1	hMpxV/USA/CA-CDPH-1M1000638/2024	2024-07-01	North America	USA			Homo sapiens	2024-08-14		Kath et al.	Kath,C.,Haw,M.,Espinosa,A.,Hacker,J.	CDPH, VRDL	IIb	hMPXV-1	B.1.20	0.9613252944845316	6414	605	0	good	good	good	good	good		False	2024.4986338797814
PQ160003	PQ160003.1	hMpxV/USA/CA-CDPH-1M1000491/2023	2023-12-12	North America	USA			Homo sapiens	2024-08-14		Kath et al.	Kath,C.,Haw,M.,Espinosa,A.,Hacker,J.	CDPH, VRDL	IIb	hMPXV-1	B.1.20	0.9685054941711584	5429	592	0	good	good	good	good	good		False	2023.9465753424658
PQ160039	PQ160039.1	hMpxV/USA/CA-CDPH-1M1000560/2024	2024-04-15	North America	USA			Homo sapiens	2024-08-14		Kath et al.	Kath,C.,Haw,M.,Espinosa,A.,Hacker,J.	CDPH, VRDL	IIb	hMPXV-1	B.1	0.978383339502761	2723	602	0	good	good	good	good	good		False	2024.2882513661202
PQ213330	PQ213330.1	Monkeypox virus/Human/USA/CA-LACPHL-MA00656/2024	2024-08-08	North America	USA			Homo sapiens	2024-08-21		Heibeck et al.	Heibeck,N.	Los Angeles County Department of Public Health, Los Angeles County Department of Public Health Laboratory	IIb	hMPXV-1	B.1.20	0.974250668072958	3073	602	2	good	good	good	good	good	OPG153:386-510	False	2024.6024590163934
PQ267954	PQ267954.1	Monkeypox virus/Human/USA/CA-LACPHL-MA00662/2024	2024-08-01	North America	USA			Homo sapiens	2024-08-30		Heibeck et al.	Heibeck,N.	Los Angeles County Department of Public Health, Los Angeles County Department of Public Health Laboratory	IIb	hMPXV-1	B.1.20	0.9679679933471595	3329	595	0	good	good	good	good	good	OPG200:104-150	False	2024.5833333333333
PQ274324	PQ274324.1	hMpxV/USA/CA-CDPH-1M1000651/2024	2024-07-08	North America	USA			Homo sapiens	2024-09-03		Kath et al.	Kath,C.,Haw,M.,Espinosa,A.,Hacker,J.	CDPH, VRDL	IIb	hMPXV-1	B.1.20	0.972962694400357	4168	600	1	good	good	good	good	good		False	2024.5177595628415
LC831698	LC831698.1	MPXV/human/Japan/Tokyo/NCGM240303/2024	2024-03-03	Asia	Japan	Tokyo		Homo sapiens	2024-07-25		Higashi-Kuwata et al.	Higashi-Kuwata,N.,Okada,W.,Takahashi,K.,Nagashima,M.,Morioka,S.,Iwamoto,N.,Sadamasu,K.,Yoshimura,K.,Ohmagari,N.,Mitsuya,H.	Toyama, Shinjuku-ku, Tokyo 162-8655	IIb	hMPXV-1	C.1	1.0	0	619	0	good	good	good	good	good		False	2024.1707650273224
MK783031	MK783031.1	MK783031	2017-11-09	Africa	Nigeria	Rivers		Homo sapiens	2019-07-24		Yinka-Ogunleye et al.	Yinka-Ogunleye,A.,Aruna,O.,Dalhat,M.,Ogoina,D.,McCollum,A.,Disu,Y.,Mamadu,I.,Akinpelu,A.,Ahmad,A.,Burga,J.,Ndoreraho,A.,Nkunzimana,E.,Manneh,L.,Mohammed,A.,Adeoye,O.,Tom-Aba,D.,Silenou,B.,Ipadeola,O.,Saleh,M.,Adeyemo,A.,Nwadiutor,I.,Aworabhi,N.,Uke,P.,John,D.,Wakama,P.,Reynolds,M.,Mauldin,M.,Doty,J.,Wilkins,K.,Musa,J.,Khalakdina,A.,Adedeji,A.,Mba,N.,Ojo,O.,Krause,G.,Ihekweazu,C.,Mauldin,M.R.,Li,Y.,Gao,J.	NCEZID/DHCPP/PRB, Centers for Disease Control & Prevention (US CDC), USA	IIb	hMPXV-1	A	0.9979361996663438	7	548	0	good	good	good	good	good		False	2017.8561643835617
MK783033	MK783033.1	MK783033	2017-10-09	Africa	Nigeria	Rivers		Homo sapiens	2019-07-24		Yinka-Ogunleye et al.	Yinka-Ogunleye,A.,Aruna,O.,Dalhat,M.,Ogoina,D.,McCollum,A.,Disu,Y.,Mamadu,I.,Akinpelu,A.,Ahmad,A.,Burga,J.,Ndoreraho,A.,Nkunzimana,E.,Manneh,L.,Mohammed,A.,Adeoye,O.,Tom-Aba,D.,Silenou,B.,Ipadeola,O.,Saleh,M.,Adeyemo,A.,Nwadiutor,I.,Aworabhi,N.,Uke,P.,John,D.,Wakama,P.,Reynolds,M.,Mauldin,M.,Doty,J.,Wilkins,K.,Musa,J.,Khalakdina,A.,Adedeji,A.,Mba,N.,Ojo,O.,Krause,G.,Ihekweazu,C.,Mauldin,M.R.,Li,Y.,Gao,J.	CDC, NCEZID/DHCPP/PRB	IIb	hMPXV-1	A.3	0.9917650817153376	1224	560	0	good	good	good	good	good		False	2017.7712328767122
MT903344	MT903344.1	MPXV-UK_P2	2018-09-XX	Europe	United Kingdom	Great Britain		Homo sapiens	2020-09-15		Mauldin et al.	Mauldin,M.R.,McCollum,A.M.,Nakazawa,Y.J.,Mandra,A.,Whitehouse,E.R.,Davidson,W.,Zhao,H.,Gao,J.,Li,Y.,Doty,J.,Yinka-Ogunleye,A.,Akinpelu,A.,Aruna,O.,Naidoo,D.,Lewandowski,K.,Afrough,B.,Graham,V.,Aarons,E.,Hewson,R.,Vipond,R.,Dunning,J.,Chand,M.,Brown,C.,Cohen-Gihon,I.,Erez,N.,Shifman,O.,Israeli,O.,Sharon,M.,Schwartz,E.,Beth-Din,A.,Zvi,A.,Mak,T.M.,Ng,Y.K.,Cui,L.,Lin,R.T.P.,Olson,V.A.,Brooks,T.,Paran,N.,Ihekweazu,C.,Reynolds,M.G.,Nakazawa,Y.	National Center for Emerging and Zoonotic Infectious Diseases, Division of High Consequence Pathogens & Pathology, Centers for Disease Control & Prevention (US CDC), USA	IIb	hMPXV-1	A.1	1.0	0	559	0	good	good	good	good	good		False	[2018.6671232876713:2018.7465753424658]
OL504741	OL504741.1	2091	2019-12-XX	Europe	United Kingdom				2022-07-06		Atkinson et al.	Atkinson,B.,Pottage,T.,Ngabo,D.,Crook,A.,Pitman,J.,Summers,S.,Pullan,S.,Lewandowski,K.,Furneaux,J.,Davies,K.,Brooks,T.	UKHSA, Research	IIb	hMPXV-1	A.1	0.9421730245577028	777	532	4	good	good	good	good	good		False	[2019.9164383561645:2019.9986301369863]
ON649723	ON649723.1	Monkeypox/PT0013/2022	2022-05-20	Europe	Portugal			Homo sapiens	2022-06-01		Isidro et al.	Isidro,J.,Borges,V.,Pinto,M.,Sobral,D.,Santos,J.D.,Nunes,A.,Mixao,V.,Ferreira,R.,Santos,D.,Duarte,S.,Vieira,L.,Borrego,M.J.,Nuncio,S.,Carvalho,I.L.,Pelerito,A.,Cordeiro,R.,Gomes,J.P.	Institute National de Saude Doutor Ricardo Jorge (INSA), Portugal	IIb	hMPXV-1	B.1	0.9997971695003778	40	605	0	good	good	good	good	good		False	2022.3821917808218
ON803420	ON803420.1	MpxV/human/CAN/UN-NML-2846/2022	2022-05-19	North America	Canada			Homo sapiens	2022-06-21		Knox et al.	Knox,N.,Duggan,A.,Yadav,C.,Hole,D.,Haidl,E.,Chapel,M.,Jolly,G.,Domselaar,G.V.,Antonation,K.,Leung,A.,Fernando,L.,Audet,J.,Hagan,M.,Graham,M.,Griffiths,E.,Safronetz,D.,Charest,H.,Levade,I.,Fafard,J.	National Microbiology Laboratory, Public Health Agency of Canada	IIb	hMPXV-1	B.1	0.9993205178262656	134	610	0	good	good	good	good	good		False	2022.3794520547945
ON853676	ON853676.1	MPXV/Germany/2022/RKI098	2022-06-XX	Europe	Germany			Homo sapiens	2022-06-27		Brinkmann et al.	Brinkmann,A.,Kohl,C.,Uddin,S.,Pape,K.,Schrick,L.,Michel,J.,Schaade,L.,Nitsche,A.	Robert Koch Institute, Centre for Biological Threats, Highly Pathogenic Viruses	IIb	hMPXV-1	B.1	0.9924496346515626	1489	602	0	good	good	good	good	good		False	[2022.4150684931508:2022.4945205479453]
ON880507	ON880507.1	MpxV/human/CAN/UN-NML-3071/2022	2022-05-27	North America	Canada			Homo sapiens	2022-06-30		Duggan et al.	Duggan,A.,Hole,D.,Knox,N.,Yadav,C.,Haidl,E.,Chapel,M.,Domselaar,G.V.,Jolly,G.,Audet,J.,Fernando,L.,Antonation,K.,Safronetz,D.,Hagan,M.,Griffiths,E.,Leung,A.,Graham,M.,Peters,G.,Go,A.,Laminman,V.,Kaplen,B.,Eshaghi,A.,Gubbay,J.B.,Hasso,M.,Marchand-Austin,A.,Olsha,R.,Patel,S.N.	National Microbiology Laboratory, Public Health Agency of Canada	IIb	hMPXV-1	B.1.4	0.972699014750848	5384	588	0	good	good	good	good	good		False	2022.4013698630138
ON983168	ON983168.1	MPxV/Prague_001/2022/flye_medaka	2022-04-28	Europe	Czech Republic			Homo sapiens	2022-07-14		Chmel et al.	Chmel,M.,Pajer,P.,Nagy,A.,Zlamal,M.,Jirincova,H.,Dresler,J.,Bartos,O.	Military Heatlh Institute, Military Heatlh Institute in Prague	IIb	hMPXV-1	B.1.3	0.985528043851954	0	595	0	good	good	good	good	good	OPG104:61-134	False	2022.3219178082193
OP245357	OP245357.1	MPX/PT0124/2022	2022-07-14	Europe	Portugal			Homo sapiens	2022-08-17		Isidro et al.	Isidro,J.,Borges,V.,Pinto,M.,Sobral,D.,Santos,J.,Nunes,A.,Mixao,V.,Ferreira,R.,Santos,D.,Duarte,S.,Vieira,L.,Borrego,M.J.,Nuncio,S.,Lopes de Carvalho,I.,Pelerito,A.,Cordeiro,R.,Gomes,J.P.	National Institute of Health Doutor Ricardo Jorge, Portugal (INSA), Department of Infectious Diseases	IIb	hMPXV-1	B.1.7	0.9876476225730064	858	605	0	good	good	good	good	good		False	2022.5328767123287
OP355577	OP355577.1	MPXV/Germany/2022/ON/RKI321	2022-08-XX	Europe	Germany			Homo sapiens	2022-09-02		Brinkmann et al.	Brinkmann,A.,Kohl,C.,Pape,K.,Uddin,S.,Schrick,L.,Michel,J.,Schaade,L.,Nitsche,A.	Robert Koch Institute, Centre for Biological Threats, Highly Pathogenic Viruses	IIb	hMPXV-1	B.1.8	0.9654275413393912	307	579	0	good	good	good	good	good		False	[2022.5821917808219:2022.664383561644]
OP390210	OP390210.1	hMpxV/UK/LMO-022b/2022	2022-06-24	Europe	United Kingdom	Scotland		Homo sapiens	2022-09-08		McHugh et al.	McHugh,M.P.,Maloney,D.,Parker,A.,Mathers,K.,Dewar,R.,Kenicer,J.,Cotton,S.,Wild,J.,Templeton,K.E.	Royal Infirmary of Edinburgh, Viral Genotyping Reference Laboratory	IIb	hMPXV-1	B.1.4	0.9764361667063876	3109	588	0	good	good	good	good	good		False	2022.478082191781
OP523996	OP523996.1	MPXV/Germany/2022/RKI397	2022-09-XX	Europe	Germany			Homo sapiens	2022-09-26		Brinkmann et al.	Brinkmann,A.,Kohl,C.,Pape,K.,Schrick,L.,Michel,J.,Schaade,L.,Nitsche,A.	Robert Koch Institute, Centre for Biological Threats, Highly Pathogenic Viruses	IIb	hMPXV-1	B.1.1	0.9993509424012088	128	607	0	good	good	good	good	good		False	[2022.6671232876713:2022.7465753424658]
OP535315	OP535315.1	MPXV_Nigeria_2018_5219	2018-02-XX	Africa	Nigeria	Imo		Homo sapiens	2022-12-25		Nnaemeka et al.	Nnaemeka,N.,Akanbi,O.,Chukwu,C.,Ayansola,O.,Ahmad,A.,Yinka-Ogunleye,A.,Akinpelu,A.,Babatunde,O.,Ihekweazu,C.,Adetifa,I.,Mauldin,M.R.,Gigante,C.M.,Batra,D.,Weigand,M.R.,Howard,D.T.,Sheth,M.,Seabolt,M.H.,Li,Y.	Nigeria Centre for Disease Control, National Reference Laboratory	IIb	hMPXV-1	A	0.9921453889021292	1149	551	0	good	good	good	good	good		False	[2018.0863013698631:2018.1602739726027]
OP535318	OP535318.1	MPXV_Nigeria_2017_5227	2017-12-XX	Africa	Nigeria	Benue State		Homo sapiens	2022-12-25		Nnaemeka et al.	Nnaemeka,N.,Akanbi,O.,Chukwu,C.,Ayansola,O.,Ahmad,A.,Yinka-Ogunleye,A.,Akinpelu,A.,Babatunde,O.,Ihekweazu,C.,Adetifa,I.,Mauldin,M.R.,Gigante,C.M.,Batra,D.,Weigand,M.R.,Howard,D.T.,Sheth,M.,Seabolt,M.H.,Li,Y.	Nigeria Centre for Disease Control, National Reference Laboratory	IIb	hMPXV-1	A	0.9965721645563844	676	547	0	good	good	good	good	good		False	[2017.9164383561645:2017.9986301369863]
OP535326	OP535326.1	MPXV_Nigeria_2018_5315	2018-06-XX	Africa	Nigeria	Oyo State		Homo sapiens	2022-12-25		Nnaemeka et al.	Nnaemeka,N.,Akanbi,O.,Chukwu,C.,Ayansola,O.,Ahmad,A.,Yinka-Ogunleye,A.,Akinpelu,A.,Babatunde,O.,Ihekweazu,C.,Adetifa,I.,Mauldin,M.R.,Gigante,C.M.,Batra,D.,Weigand,M.,Howard,D.,Sheth,M.,Seabolt,M.H.,Li,Y.	Nigeria Centre for Disease Control, National Reference Laboratory	IIb	hMPXV-1	A	0.992114964327186	1539	545	8	good	good	good	good	good		False	[2018.4150684931508:2018.4945205479453]
OP535327	OP535327.1	MPXV_Nigeria_2018_5307	2018-03-XX	Africa	Nigeria	Rivers		Homo sapiens	2022-12-25		Nnaemeka et al.	Nnaemeka,N.,Akanbi,O.,Chukwu,C.,Ayansola,O.,Ahmad,A.,Yinka-Ogunleye,A.,Akinpelu,A.,Babatunde,O.,Ihekweazu,C.,Adetifa,I.,Mauldin,M.R.,Gigante,C.M.,Batra,D.,Weigand,M.,Howard,D.,Sheth,M.,Seabolt,M.H.,Li,Y.	Nigeria Centre for Disease Control, National Reference Laboratory	IIb	hMPXV-1	A	0.9999949292375094	0	550	1	good	good	good	good	good		False	[2018.16301369863:2018.2452054794521]
OP535331	OP535331.1	MPXV_Nigeria_2018_5300	2018-01-XX	Africa	Nigeria	Oyo State		Homo sapiens	2022-12-25		Nnaemeka et al.	Nnaemeka,N.,Akanbi,O.,Chukwu,C.,Ayansola,O.,Ahmad,A.,Yinka-Ogunleye,A.,Akinpelu,A.,Babatunde,O.,Ihekweazu,C.,Adetifa,I.,Mauldin,M.R.,Gigante,C.M.,Batra,D.,Weigand,M.,Howard,D.,Sheth,M.,Seabolt,M.H.,Li,Y.	Nigeria Centre for Disease Control, National Reference Laboratory	IIb	hMPXV-1	A	0.9978601382289854	372	545	0	good	good	good	good	good		False	[2018.0013698630137:2018.0835616438355]
OP535335	OP535335.1	MPXV_Nigeria_2017_2947	2017-10-XX	Africa	Nigeria	Bayelsa State		Homo sapiens	2022-12-25		Nnaemeka et al.	Nnaemeka,N.,Akanbi,O.,Chukwu,C.,Ayansola,O.,Ahmad,A.,Yinka-Ogunleye,A.,Akinpelu,A.,Babatunde,O.,Ihekweazu,C.,Adetifa,I.,Mauldin,M.R.,Gigante,C.M.,Batra,D.,Weigand,M.R.,Howard,D.T.,Sheth,M.,Seabolt,M.H.,Li,Y.	Nigeria Centre for Disease Control, National Reference Laboratory	IIb	hMPXV-1	A.3	0.9967547120060444	0	558	0	good	good	good	good	good		False	[2017.7493150684932:2017.831506849315]
OP535340	OP535340.1	MPXV_Nigeria_2017_2888	2017-10-XX	Africa	Nigeria	Akwa-Ibom		Homo sapiens	2022-12-25		Nnaemeka et al.	Nnaemeka,N.,Akanbi,O.,Chukwu,C.,Ayansola,O.,Ahmad,A.,Yinka-Ogunleye,A.,Akinpelu,A.,Babatunde,O.,Ihekweazu,C.,Adetifa,I.,Mauldin,M.R.,Gigante,C.M.,Batra,D.,Weigand,M.R.,Howard,D.T.,Sheth,M.,Seabolt,M.H.,Li,Y.	Nigeria Centre for Disease Control, National Reference Laboratory	IIb	hMPXV-1	A	0.9967547120060444	0	547	0	good	good	good	good	good		False	[2017.7493150684932:2017.831506849315]
OP580613	OP580613.1	hMPX/USA/CA-LACPHL-MA00180/2022	2022-09-21	North America	USA			Homo sapiens	2022-10-04		Hemarajata et al.	Hemarajata,P.,Green,N.M.,Garrigues,J.M.	Los Angeles County Public Health Laboratories, Los Angeles County Department of Public Health	IIb	hMPXV-1	B.1	0.9880532835722508	1664	607	0	good	good	good	good	good		False	2022.7219178082191
OP612676	OP612676.1	MPXV/013/19	2019-02-20	Africa	Nigeria			Homo sapiens	2022-10-11		Ndodo et al.	Ndodo,N.,Ashcroft,J.,Lewandowski,K.,Yinka-Ogunleye,A.,Chukwu,C.,Ahmad,A.,King,D.,Akinpelu,A.,Maluquer de Motes,C.,Ribeca,P.,Summer,R.P.,Rambaut,A.,Chester,M.,Maishman,T.,Babatunde,O.,Mba,N.,Aruna,O.,Pullan,S.T.,Gannon,B.,Brown,C.,Ihekweazu,C.,Adetifa,I.,Ulaeto,D.O.	Defence Science and Technology Laboratory, Chemical, Biological and Radiological Sciences	IIb	hMPXV-1	A	0.8840164495535193	20853	475	0	mediocre	good	good	bad	good	OPG001:25-247,OPG060:8-159,OPG070:94-274,OPG074:136-666,OPG109:117-796,OPG122:159-249,OPG137:174-319,OPG155:9-147,OPG188:454-504,OPG198:229-283	False	2019.1383561643836
OP612680	OP612680.1	MPXV/021/19	2019-04-01	Africa	Nigeria			Homo sapiens	2022-10-11		Ndodo et al.	Ndodo,N.,Ashcroft,J.,Lewandowski,K.,Yinka-Ogunleye,A.,Chukwu,C.,Ahmad,A.,King,D.,Akinpelu,A.,Maluquer de Motes,C.,Ribeca,P.,Summer,R.P.,Rambaut,A.,Chester,M.,Maishman,T.,Babatunde,O.,Mba,N.,Aruna,O.,Pullan,S.T.,Gannon,B.,Brown,C.,Ihekweazu,C.,Adetifa,I.,Ulaeto,D.O.	Defence Science and Technology Laboratory, Chemical, Biological and Radiological Sciences	IIb	hMPXV-1	A	0.9959586022950272	395	552	0	good	good	good	mediocre	good	OPG097:267-345,OPG138:7-191	False	2019.2479452054795
OP612684	OP612684.1	MPXV/046/19	2019-05-XX	Africa	Nigeria			Homo sapiens	2022-10-11		Ndodo et al.	Ndodo,N.,Ashcroft,J.,Lewandowski,K.,Yinka-Ogunleye,A.,Chukwu,C.,Ahmad,A.,King,D.,Akinpelu,A.,Maluquer de Motes,C.,Ribeca,P.,Summer,R.P.,Rambaut,A.,Chester,M.,Maishman,T.,Babatunde,O.,Mba,N.,Aruna,O.,Pullan,S.T.,Gannon,B.,Brown,C.,Ihekweazu,C.,Adetifa,I.,Ulaeto,D.O.	Defence Science and Technology Laboratory, Chemical, Biological and Radiological Sciences	IIb	hMPXV-1	A	0.997089382330421	0	556	0	good	good	good	mediocre	good	OPG097:267-345,OPG109:117-796,OPG138:7-191	False	[2019.3301369863013:2019.4123287671232]
OP612690	OP612690.1	MPXV/113/19	2019-12-17	Africa	Nigeria			Homo sapiens	2022-10-11		Ndodo et al.	Ndodo,N.,Ashcroft,J.,Lewandowski,K.,Yinka-Ogunleye,A.,Chukwu,C.,Ahmad,A.,King,D.,Akinpelu,A.,Maluquer de Motes,C.,Ribeca,P.,Summer,R.P.,Rambaut,A.,Chester,M.,Maishman,T.,Babatunde,O.,Mba,N.,Aruna,O.,Pullan,S.T.,Gannon,B.,Brown,C.,Ihekweazu,C.,Adetifa,I.,Ulaeto,D.O.	Defence Science and Technology Laboratory, Chemical, Biological and Radiological Sciences	IIb	hMPXV-1	A.2	0.9971299484303456	1	559	0	good	good	good	good	good	OPG174:290-347	False	2019.9602739726026
