accession	accession_version	strain	date	region	country	division	location	length	host	is_lab_host	date_released	date_updated	sra_accessions	authors	abbr_authors	institution	num_date
JN650518	JN650518.1	Josiah	1976-03-11	Africa	Sierra Leone	Songo Hospital	Sebgwema	7274	Homo sapiens		2012-02-01	2012-02-01		Bjornson-Hooper,Z.B.,Gire,S.,Honko,A.,Sabeti,P.C.,Hensley,L.E.	Bjornson-Hooper et al.	United States Army Medical Research Institute for Infectious Diseases, Virology	1976.1926229508197
KU978809	KU978809.1	GUINEA Z-185a	1981-01-20	Africa	Guinea			7274	Homo sapiens		2017-03-25	2017-03-25	SRR3209125	Rossi,S.L.,Guerbois,M.,Forrester,N.L.,Ksiazek,T.,Lin,D.,Hari,K.,Weaver,S.C.	Rossi et al.	University of Texas Medical Branch, Microbiology and Immunology	1981.0534246575342
KU978812	KU978812.1	NIGERIA IKEJI	1989-01-01	Africa	Nigeria			7283	Homo sapiens		2017-03-25	2017-03-25	SRR3287366	Rossi,S.L.,Guerbois,M.,Forrester,N.L.,Ksiazek,T.,Lin,D.,Hari,K.,Weaver,S.C.	Rossi et al.	University of Texas Medical Branch, Microbiology and Immunology	1989.0013698630137
KY425632	KY425632.1	IRF0193	1976-03-XX	Africa	Sierra Leone	Sebgwema		7273	Homo sapiens	True	2017-01-15	2017-01-15		Sword,J.M.,Johnson,J.C.,Wohl,S.,Barnes,K.G.,Sabeti,P.C.,Gerhardt,D.M.,Hensley,L.E.,Olinger,G.,Jahrling,P.B.,Honko,A.N.	Sword et al.	National Institute of Allergy and Infectious Diseases, National Institutes of Health, Integrated Research Facility - Frederick	[1976.1653005464482:1976.2472677595629]
KY425634	KY425634.1	IRF0172	1976-03-XX	Africa	Sierra Leone	Sebgwema		7277	Homo sapiens	True	2017-01-15	2017-01-15		Honko,A.N.,Hensley,L.E.,Wohl,S.,Barnes,K.G.,Sabeti,P.C.,Olinger,G.,Jahrling,P.B.,Sword,J.M.	Honko et al.	National Institute of Allergy and Infectious Diseases, National Institutes of Health, Integrated Research Facility - Frederick	[1976.1653005464482:1976.2472677595629]
KY425640	KY425640.1	IRF0201	1976-03-XX	Africa	Sierra Leone	Sebgwema		7273	Homo sapiens	True	2017-01-15	2017-01-15		Honko,A.N.,Hensley,L.E.,Wohl,S.,Barnes,K.G.,Sabeti,P.C.,Olinger,G.,Jahrling,P.B.,Sword,J.M.	Honko et al.	National Institute of Allergy and Infectious Diseases, National Institutes of Health, Integrated Research Facility - Frederick	[1976.1653005464482:1976.2472677595629]
KY425651	KY425651.1	IRF0205	1976-03-XX	Africa	Sierra Leone	Sebgwema		7274	Homo sapiens	True	2017-01-15	2017-01-15		Gerhardt,D.M.,Sword,J.M.,Wohl,S.,Barnes,K.G.,Sabeti,P.C.,Hensley,L.E.,Olinger,G.,Jahrling,P.B.,Honko,A.N.	Gerhardt et al.	National Institute of Allergy and Infectious Diseases, National Institutes of Health, Integrated Research Facility - Frederick	[1976.1653005464482:1976.2472677595629]
MF990886	MF990886.1	Lassa/H.sapiens-wt/TGO/2016/201600568	2016-03-12	Africa	Togo			7286	Homo sapiens		2018-03-21	2018-03-21		Whitmer,S.L.M.,Strecker,T.,Cadar,D.,Dienes,H.P.,Faber,K.,Patel,K.,Brown,S.M.,Davis,W.G.,Klena,J.D.,Rollin,P.E.,Schmidt-Chanasit,J.,Fichet-Calvet,E.,Noack,B.,Emmerich,P.,Rieger,T.,Wolff,S.,Fehling,S.K.,Eickmann,M.,Mengel,J.P.,Schultze,T.,Hain,T.,Ampofo,W.,Bonney,K.,Aryeequaye,J.N.D.,Ribner,B.,Varkey,J.B.,Mehta,A.K.,Lyon,G.M. III,Kann,G.,De Leuw,P.,Schuettfort,G.,Stephan,C.,Wieland,U.,Fries,J.W.U.,Kochanek,M.,Kraft,C.S.,Wolf,T.,Nichol,S.T.,Becker,S.,Stroher,U.,Gunther,S.,Davis,W.,Stroeher,U.	Whitmer et al.	The Centers for Disease Control and Prevention, Viral Special Pathogens Branch	2016.1953551912568
MG812652	MG812652.1	LF11003	2011-02-20	Africa	Liberia	Bong		7135	Homo sapiens		2019-01-31	2019-01-31		Welch,S.R.,Davis,W.G.,Patel,K.,Albarino,C.G.,Stroher,U.	Welch et al.	Centers for Disease Control and Prevention, Viral Special Pathogens Branch	2011.1383561643836
MG812654	MG812654.1	LF11011	2011-04-14	Africa	Liberia	Bong		7134	Homo sapiens		2019-01-31	2019-01-31		Welch,S.R.,Davis,W.G.,Patel,K.,Albarino,C.G.,Stroher,U.	Welch et al.	Centers for Disease Control and Prevention, Viral Special Pathogens Branch	2011.2835616438356
MG812656	MG812656.1	LF13006	2013-04-29	Africa	Liberia	Nimba		7210	Homo sapiens		2019-01-31	2019-01-31		Welch,S.R.,Davis,W.G.,Patel,K.,Albarino,C.G.,Stroher,U.	Welch et al.	Centers for Disease Control and Prevention, Viral Special Pathogens Branch	2013.3246575342466
MG812660	MG812660.1	LF13007	2013-04-29	Africa	Liberia	Nimba		7133	Homo sapiens		2019-01-31	2019-01-31		Welch,S.R.,Davis,W.G.,Patel,K.,Albarino,C.G.,Stroher,U.	Welch et al.	Centers for Disease Control and Prevention, Viral Special Pathogens Branch	2013.3246575342466
MG812664	MG812664.1	LF16016	2016-04-13	Africa	Liberia	Nimba		7118	Homo sapiens		2019-01-31	2019-01-31		Welch,S.R.,Davis,W.G.,Patel,K.,Albarino,C.G.,Stroher,U.	Welch et al.	Centers for Disease Control and Prevention, Viral Special Pathogens Branch	2016.282786885246
MG812666	MG812666.1	LF17007	2017-01-09	Africa	Liberia	Nimba		7299	Homo sapiens		2019-01-31	2019-01-31		Welch,S.R.,Davis,W.G.,Patel,K.,Albarino,C.G.,Stroher,U.	Welch et al.	Centers for Disease Control and Prevention, Viral Special Pathogens Branch	2017.0232876712328
MG812668	MG812668.1	LF17019	2017-05-04	Africa	Liberia	Bong		7215	Homo sapiens		2019-01-31	2019-01-31		Welch,S.R.,Davis,W.G.,Patel,K.,Albarino,C.G.,Stroher,U.	Welch et al.	Centers for Disease Control and Prevention, Viral Special Pathogens Branch	2017.3383561643836
MG812671	MG812671.1	LF17020	2017-05-02	Africa	Liberia	Nimba		7290	Homo sapiens		2019-01-31	2019-01-31		Welch,S.R.,Davis,W.G.,Patel,K.,Albarino,C.G.,Stroher,U.	Welch et al.	Centers for Disease Control and Prevention, Viral Special Pathogens Branch	2017.3328767123287
MG812676	MG812676.1	LF17013	2017-02-13	Africa	Liberia	Bong		7150	Homo sapiens		2019-01-31	2019-01-31		Welch,S.R.,Davis,W.G.,Patel,K.,Albarino,C.G.,Stroher,U.	Welch et al.	Centers for Disease Control and Prevention, Viral Special Pathogens Branch	2017.1191780821919
MH053464	MH053464.1	Lassa virus/H.sapiens-wt/NGA/2015/ISTH_0831	2015-12-30	Africa	Nigeria			6628	Homo sapiens		2018-03-21	2018-03-21		Odia,I.,Ehaine,P.,Oguzie,J.U.,Siddle,K.J.,Mehta,S.,Barnes,K.M.,Winnicki,S.M.,Brehio,P.,Shah,R.,Chak,B.,Yozwiak,N.,Amao,A.,Nosamiefan,I.,Birren,B.W.,Park,D.J.,Folarin,O.,Okokhere,P.,Sabeti,P.C.,Happi,C.T.	Odia et al.	Broad Institute of Harvard and MIT, Infectious Disease Program	2015.995890410959
MH053465	MH053465.1	Lassa virus/H.sapiens-wt/NGA/2016/ISTH_1541	2016-10-13	Africa	Nigeria			6659	Homo sapiens		2018-03-21	2018-03-21		Odia,I.,Ehaine,P.,Oguzie,J.U.,Siddle,K.J.,Mehta,S.,Barnes,K.M.,Winnicki,S.M.,Brehio,P.,Shah,R.,Chak,B.,Yozwiak,N.,Amao,A.,Nosamiefan,I.,Birren,B.W.,Park,D.J.,Folarin,O.,Okokhere,P.,Sabeti,P.C.,Happi,C.T.	Odia et al.	Broad Institute of Harvard and MIT, Infectious Disease Program	2016.782786885246
MH053466	MH053466.1	Lassa virus/H.sapiens-wt/NGA/2016/ISTH_1546	2016-10-16	Africa	Nigeria			7001	Homo sapiens		2018-03-21	2018-03-21		Odia,I.,Ehaine,P.,Oguzie,J.U.,Siddle,K.J.,Mehta,S.,Barnes,K.M.,Winnicki,S.M.,Brehio,P.,Shah,R.,Chak,B.,Yozwiak,N.,Amao,A.,Nosamiefan,I.,Birren,B.W.,Park,D.J.,Folarin,O.,Okokhere,P.,Sabeti,P.C.,Happi,C.T.	Odia et al.	Broad Institute of Harvard and MIT, Infectious Disease Program	2016.7909836065573
MH053467	MH053467.1	Lassa virus/H.sapiens-wt/NGA/2015/ISTH_0789	2015-12-15	Africa	Nigeria			6576	Homo sapiens		2018-03-21	2018-03-21		Odia,I.,Ehaine,P.,Oguzie,J.U.,Siddle,K.J.,Mehta,S.,Barnes,K.M.,Winnicki,S.M.,Brehio,P.,Shah,R.,Chak,B.,Yozwiak,N.,Amao,A.,Nosamiefan,I.,Birren,B.W.,Park,D.J.,Folarin,O.,Okokhere,P.,Sabeti,P.C.,Happi,C.T.	Odia et al.	Broad Institute of Harvard and MIT, Infectious Disease Program	2015.954794520548
MH053469	MH053469.1	Lassa virus/H.sapiens-wt/NGA/2016/ISTH_1604	2016-11-05	Africa	Nigeria			6735	Homo sapiens		2018-03-21	2018-03-21		Odia,I.,Ehaine,P.,Oguzie,J.U.,Siddle,K.J.,Mehta,S.,Barnes,K.M.,Winnicki,S.M.,Brehio,P.,Shah,R.,Chak,B.,Yozwiak,N.,Amao,A.,Nosamiefan,I.,Birren,B.W.,Park,D.J.,Folarin,O.,Okokhere,P.,Sabeti,P.C.,Happi,C.T.	Odia et al.	Broad Institute of Harvard and MIT, Infectious Disease Program	2016.8456284153006
MH053477	MH053477.1	Lassa virus/H.sapiens-wt/NGA/2016/ISTH_0917	2016-03-13	Africa	Nigeria			6671	Homo sapiens		2018-03-21	2018-03-21		Odia,I.,Ehaine,P.,Oguzie,J.U.,Siddle,K.J.,Mehta,S.,Barnes,K.M.,Winnicki,S.M.,Brehio,P.,Shah,R.,Chak,B.,Yozwiak,N.,Amao,A.,Nosamiefan,I.,Birren,B.W.,Park,D.J.,Folarin,O.,Okokhere,P.,Sabeti,P.C.,Happi,C.T.	Odia et al.	Broad Institute of Harvard and MIT, Infectious Disease Program	2016.198087431694
MH053489	MH053489.1	Lassa virus/H.sapiens-wt/NGA/2016/ISTH_1069	2016-04-13	Africa	Nigeria			7153	Homo sapiens		2018-03-21	2018-03-21		Odia,I.,Ehaine,P.,Oguzie,J.U.,Siddle,K.J.,Mehta,S.,Barnes,K.M.,Winnicki,S.M.,Brehio,P.,Shah,R.,Chak,B.,Yozwiak,N.,Amao,A.,Nosamiefan,I.,Birren,B.W.,Park,D.J.,Folarin,O.,Okokhere,P.,Sabeti,P.C.,Happi,C.T.	Odia et al.	Broad Institute of Harvard and MIT, Infectious Disease Program	2016.282786885246
MH053492	MH053492.1	Lassa virus/H.sapiens-wt/NGA/2015/ISTH_0547	2015-09-14	Africa	Nigeria			7135	Homo sapiens		2018-03-21	2018-03-21		Odia,I.,Ehaine,P.,Oguzie,J.U.,Siddle,K.J.,Mehta,S.,Barnes,K.M.,Winnicki,S.M.,Brehio,P.,Shah,R.,Chak,B.,Yozwiak,N.,Amao,A.,Nosamiefan,I.,Birren,B.W.,Park,D.J.,Folarin,O.,Okokhere,P.,Sabeti,P.C.,Happi,C.T.	Odia et al.	Broad Institute of Harvard and MIT, Infectious Disease Program	2015.7027397260274
MH053494	MH053494.1	Lassa virus/H.sapiens-wt/NGA/2016/ISTH_1207	2016-05-03	Africa	Nigeria			7227	Homo sapiens		2018-03-21	2018-03-21		Odia,I.,Ehaine,P.,Oguzie,J.U.,Siddle,K.J.,Mehta,S.,Barnes,K.M.,Winnicki,S.M.,Brehio,P.,Shah,R.,Chak,B.,Yozwiak,N.,Amao,A.,Nosamiefan,I.,Birren,B.W.,Park,D.J.,Folarin,O.,Okokhere,P.,Sabeti,P.C.,Happi,C.T.	Odia et al.	Broad Institute of Harvard and MIT, Infectious Disease Program	2016.3374316939892
MH053496	MH053496.1	Lassa virus/H.sapiens-wt/NGA/2015/ISTH_0687	2015-11-10	Africa	Nigeria			7185	Homo sapiens		2018-03-21	2018-03-21		Odia,I.,Ehaine,P.,Oguzie,J.U.,Siddle,K.J.,Mehta,S.,Barnes,K.M.,Winnicki,S.M.,Brehio,P.,Shah,R.,Chak,B.,Yozwiak,N.,Amao,A.,Nosamiefan,I.,Birren,B.W.,Park,D.J.,Folarin,O.,Okokhere,P.,Sabeti,P.C.,Happi,C.T.	Odia et al.	Broad Institute of Harvard and MIT, Infectious Disease Program	2015.858904109589
MH053499	MH053499.1	Lassa virus/H.sapiens-wt/NGA/2016/ISTH_1423	2016-08-16	Africa	Nigeria			7183	Homo sapiens		2018-03-21	2018-03-21		Odia,I.,Ehaine,P.,Oguzie,J.U.,Siddle,K.J.,Mehta,S.,Barnes,K.M.,Winnicki,S.M.,Brehio,P.,Shah,R.,Chak,B.,Yozwiak,N.,Amao,A.,Nosamiefan,I.,Birren,B.W.,Park,D.J.,Folarin,O.,Okokhere,P.,Sabeti,P.C.,Happi,C.T.	Odia et al.	Broad Institute of Harvard and MIT, Infectious Disease Program	2016.6243169398906
MH053500	MH053500.1	Lassa virus/H.sapiens-wt/NGA/2016/ISTH_1610	2016-11-07	Africa	Nigeria			7192	Homo sapiens		2018-03-21	2018-03-21		Odia,I.,Ehaine,P.,Oguzie,J.U.,Siddle,K.J.,Mehta,S.,Barnes,K.M.,Winnicki,S.M.,Brehio,P.,Shah,R.,Chak,B.,Yozwiak,N.,Amao,A.,Nosamiefan,I.,Birren,B.W.,Park,D.J.,Folarin,O.,Okokhere,P.,Sabeti,P.C.,Happi,C.T.	Odia et al.	Broad Institute of Harvard and MIT, Infectious Disease Program	2016.8510928961748
MH053503	MH053503.1	Lassa virus/H.sapiens-wt/NGA/2016/ISTH_1462	2016-09-04	Africa	Nigeria			7146	Homo sapiens		2018-03-21	2018-03-21		Odia,I.,Ehaine,P.,Oguzie,J.U.,Siddle,K.J.,Mehta,S.,Barnes,K.M.,Winnicki,S.M.,Brehio,P.,Shah,R.,Chak,B.,Yozwiak,N.,Amao,A.,Nosamiefan,I.,Birren,B.W.,Park,D.J.,Folarin,O.,Okokhere,P.,Sabeti,P.C.,Happi,C.T.	Odia et al.	Broad Institute of Harvard and MIT, Infectious Disease Program	2016.6762295081967
MH053505	MH053505.1	Lassa virus/H.sapiens-wt/NGA/2016/ISTH_1496	2016-09-21	Africa	Nigeria			7159	Homo sapiens		2018-03-21	2018-03-21		Odia,I.,Ehaine,P.,Oguzie,J.U.,Siddle,K.J.,Mehta,S.,Barnes,K.M.,Winnicki,S.M.,Brehio,P.,Shah,R.,Chak,B.,Yozwiak,N.,Amao,A.,Nosamiefan,I.,Birren,B.W.,Park,D.J.,Folarin,O.,Okokhere,P.,Sabeti,P.C.,Happi,C.T.	Odia et al.	Broad Institute of Harvard and MIT, Infectious Disease Program	2016.7226775956285
MH053507	MH053507.1	Lassa virus/H.sapiens-wt/NGA/2016/ISTH_0141	2016-01-14	Africa	Nigeria			7034	Homo sapiens		2018-03-21	2018-03-21		Odia,I.,Ehaine,P.,Oguzie,J.U.,Siddle,K.J.,Mehta,S.,Barnes,K.M.,Winnicki,S.M.,Brehio,P.,Shah,R.,Chak,B.,Yozwiak,N.,Amao,A.,Nosamiefan,I.,Birren,B.W.,Park,D.J.,Folarin,O.,Okokhere,P.,Sabeti,P.C.,Happi,C.T.	Odia et al.	Broad Institute of Harvard and MIT, Infectious Disease Program	2016.0368852459017
MH053508	MH053508.1	Lassa virus/H.sapiens-wt/NGA/2015/ISTH_0736	2015-11-27	Africa	Nigeria			7233	Homo sapiens		2018-03-21	2018-03-21		Odia,I.,Ehaine,P.,Oguzie,J.U.,Siddle,K.J.,Mehta,S.,Barnes,K.M.,Winnicki,S.M.,Brehio,P.,Shah,R.,Chak,B.,Yozwiak,N.,Amao,A.,Nosamiefan,I.,Birren,B.W.,Park,D.J.,Folarin,O.,Okokhere,P.,Sabeti,P.C.,Happi,C.T.	Odia et al.	Broad Institute of Harvard and MIT, Infectious Disease Program	2015.9054794520548
MH053509	MH053509.1	Lassa virus/H.sapiens-wt/NGA/2016/ISTH_1306	2016-06-08	Africa	Nigeria			6483	Homo sapiens		2018-03-21	2018-03-21		Odia,I.,Ehaine,P.,Oguzie,J.U.,Siddle,K.J.,Mehta,S.,Barnes,K.M.,Winnicki,S.M.,Brehio,P.,Shah,R.,Chak,B.,Yozwiak,N.,Amao,A.,Nosamiefan,I.,Birren,B.W.,Park,D.J.,Folarin,O.,Okokhere,P.,Sabeti,P.C.,Happi,C.T.	Odia et al.	Broad Institute of Harvard and MIT, Infectious Disease Program	2016.4357923497269
MH053510	MH053510.1	Lassa virus/H.sapiens-wt/NGA/2016/ISTH_0031	2016-01-06	Africa	Nigeria			6712	Homo sapiens		2018-03-21	2018-03-21		Odia,I.,Ehaine,P.,Oguzie,J.U.,Siddle,K.J.,Mehta,S.,Barnes,K.M.,Winnicki,S.M.,Brehio,P.,Shah,R.,Chak,B.,Yozwiak,N.,Amao,A.,Nosamiefan,I.,Birren,B.W.,Park,D.J.,Folarin,O.,Okokhere,P.,Sabeti,P.C.,Happi,C.T.	Odia et al.	Broad Institute of Harvard and MIT, Infectious Disease Program	2016.0150273224044
MH053517	MH053517.1	Lassa virus/H.sapiens-wt/NGA/2016/ISTH_1474	2016-09-14	Africa	Nigeria			7139	Homo sapiens		2018-03-21	2018-03-21		Odia,I.,Ehaine,P.,Oguzie,J.U.,Siddle,K.J.,Mehta,S.,Barnes,K.M.,Winnicki,S.M.,Brehio,P.,Shah,R.,Chak,B.,Yozwiak,N.,Amao,A.,Nosamiefan,I.,Birren,B.W.,Park,D.J.,Folarin,O.,Okokhere,P.,Sabeti,P.C.,Happi,C.T.	Odia et al.	Broad Institute of Harvard and MIT, Infectious Disease Program	2016.7035519125684
MH053519	MH053519.1	Lassa virus/H.sapiens-wt/NGA/2016/ISTH_1591	2016-11-02	Africa	Nigeria			7101	Homo sapiens		2018-03-21	2018-03-21		Odia,I.,Ehaine,P.,Oguzie,J.U.,Siddle,K.J.,Mehta,S.,Barnes,K.M.,Winnicki,S.M.,Brehio,P.,Shah,R.,Chak,B.,Yozwiak,N.,Amao,A.,Nosamiefan,I.,Birren,B.W.,Park,D.J.,Folarin,O.,Okokhere,P.,Sabeti,P.C.,Happi,C.T.	Odia et al.	Broad Institute of Harvard and MIT, Infectious Disease Program	2016.8374316939892
MH053520	MH053520.1	Lassa virus/H.sapiens-wt/NGA/2016/ISTH_1568	2016-10-27	Africa	Nigeria			7193	Homo sapiens		2018-03-21	2018-03-21		Odia,I.,Ehaine,P.,Oguzie,J.U.,Siddle,K.J.,Mehta,S.,Barnes,K.M.,Winnicki,S.M.,Brehio,P.,Shah,R.,Chak,B.,Yozwiak,N.,Amao,A.,Nosamiefan,I.,Birren,B.W.,Park,D.J.,Folarin,O.,Okokhere,P.,Sabeti,P.C.,Happi,C.T.	Odia et al.	Broad Institute of Harvard and MIT, Infectious Disease Program	2016.8210382513662
MH053529	MH053529.1	Lassa virus/H.sapiens-wt/NGA/2016/ISTH_1398	2016-07-31	Africa	Nigeria			7177	Homo sapiens		2018-03-21	2018-03-21		Odia,I.,Ehaine,P.,Oguzie,J.U.,Siddle,K.J.,Mehta,S.,Barnes,K.M.,Winnicki,S.M.,Brehio,P.,Shah,R.,Chak,B.,Yozwiak,N.,Amao,A.,Nosamiefan,I.,Birren,B.W.,Park,D.J.,Folarin,O.,Okokhere,P.,Sabeti,P.C.,Happi,C.T.	Odia et al.	Broad Institute of Harvard and MIT, Infectious Disease Program	2016.5806010928961
MH053530	MH053530.1	Lassa virus/H.sapiens-wt/NGA/2016/ISTH_0701	2016-02-23	Africa	Nigeria			7145	Homo sapiens		2018-03-21	2018-03-21		Odia,I.,Ehaine,P.,Oguzie,J.U.,Siddle,K.J.,Mehta,S.,Barnes,K.M.,Winnicki,S.M.,Brehio,P.,Shah,R.,Chak,B.,Yozwiak,N.,Amao,A.,Nosamiefan,I.,Birren,B.W.,Park,D.J.,Folarin,O.,Okokhere,P.,Sabeti,P.C.,Happi,C.T.	Odia et al.	Broad Institute of Harvard and MIT, Infectious Disease Program	2016.146174863388
MH053532	MH053532.1	Lassa virus/H.sapiens-wt/NGA/2015/ISTH_0682	2015-11-06	Africa	Nigeria			7161	Homo sapiens		2018-03-21	2018-03-21		Odia,I.,Ehaine,P.,Oguzie,J.U.,Siddle,K.J.,Mehta,S.,Barnes,K.M.,Winnicki,S.M.,Brehio,P.,Shah,R.,Chak,B.,Yozwiak,N.,Amao,A.,Nosamiefan,I.,Birren,B.W.,Park,D.J.,Folarin,O.,Okokhere,P.,Sabeti,P.C.,Happi,C.T.	Odia et al.	Broad Institute of Harvard and MIT, Infectious Disease Program	2015.8479452054794
MH053535	MH053535.1	Lassa virus/H.sapiens-wt/NGA/2016/ISTH_1472	2016-09-13	Africa	Nigeria			7237	Homo sapiens		2018-03-21	2018-03-21		Odia,I.,Ehaine,P.,Oguzie,J.U.,Siddle,K.J.,Mehta,S.,Barnes,K.M.,Winnicki,S.M.,Brehio,P.,Shah,R.,Chak,B.,Yozwiak,N.,Amao,A.,Nosamiefan,I.,Birren,B.W.,Park,D.J.,Folarin,O.,Okokhere,P.,Sabeti,P.C.,Happi,C.T.	Odia et al.	Broad Institute of Harvard and MIT, Infectious Disease Program	2016.700819672131
MH053543	MH053543.1	Lassa virus/H.sapiens-wt/NGA/2016/ISTH_1150	2016-04-25	Africa	Nigeria			7098	Homo sapiens		2018-03-21	2018-03-21		Odia,I.,Ehaine,P.,Oguzie,J.U.,Siddle,K.J.,Mehta,S.,Barnes,K.M.,Winnicki,S.M.,Brehio,P.,Shah,R.,Chak,B.,Yozwiak,N.,Amao,A.,Nosamiefan,I.,Birren,B.W.,Park,D.J.,Folarin,O.,Okokhere,P.,Sabeti,P.C.,Happi,C.T.	Odia et al.	Broad Institute of Harvard and MIT, Infectious Disease Program	2016.3155737704917
MH053547	MH053547.1	Lassa virus/H.sapiens-wt/NGA/2015/ISTH_0574	2015-09-16	Africa	Nigeria			7186	Homo sapiens		2018-03-21	2018-03-21		Odia,I.,Ehaine,P.,Oguzie,J.U.,Siddle,K.J.,Mehta,S.,Barnes,K.M.,Winnicki,S.M.,Brehio,P.,Shah,R.,Chak,B.,Yozwiak,N.,Amao,A.,Nosamiefan,I.,Birren,B.W.,Park,D.J.,Folarin,O.,Okokhere,P.,Sabeti,P.C.,Happi,C.T.	Odia et al.	Broad Institute of Harvard and MIT, Infectious Disease Program	2015.7082191780821
MH053548	MH053548.1	Lassa virus/H.sapiens-wt/NGA/2016/ISTH_1311	2016-06-10	Africa	Nigeria			7132	Homo sapiens		2018-03-21	2018-03-21		Odia,I.,Ehaine,P.,Oguzie,J.U.,Siddle,K.J.,Mehta,S.,Barnes,K.M.,Winnicki,S.M.,Brehio,P.,Shah,R.,Chak,B.,Yozwiak,N.,Amao,A.,Nosamiefan,I.,Birren,B.W.,Park,D.J.,Folarin,O.,Okokhere,P.,Sabeti,P.C.,Happi,C.T.	Odia et al.	Broad Institute of Harvard and MIT, Infectious Disease Program	2016.441256830601
MH053556	MH053556.1	Lassa virus/H.sapiens-wt/NGA/2016/ISTH_0779	2016-02-29	Africa	Nigeria			7082	Homo sapiens		2018-03-21	2018-03-21		Odia,I.,Ehaine,P.,Oguzie,J.U.,Siddle,K.J.,Mehta,S.,Barnes,K.M.,Winnicki,S.M.,Brehio,P.,Shah,R.,Chak,B.,Yozwiak,N.,Amao,A.,Nosamiefan,I.,Birren,B.W.,Park,D.J.,Folarin,O.,Okokhere,P.,Sabeti,P.C.,Happi,C.T.	Odia et al.	Broad Institute of Harvard and MIT, Infectious Disease Program	2016.1625683060108
MH053565	MH053565.1	Lassa virus/H.sapiens-wt/NGA/2016/ISTH_1006	2016-03-24	Africa	Nigeria			7158	Homo sapiens		2018-03-21	2018-03-21		Odia,I.,Ehaine,P.,Oguzie,J.U.,Siddle,K.J.,Mehta,S.,Barnes,K.M.,Winnicki,S.M.,Brehio,P.,Shah,R.,Chak,B.,Yozwiak,N.,Amao,A.,Nosamiefan,I.,Birren,B.W.,Park,D.J.,Folarin,O.,Okokhere,P.,Sabeti,P.C.,Happi,C.T.	Odia et al.	Broad Institute of Harvard and MIT, Infectious Disease Program	2016.2281420765028
MH053566	MH053566.1	Lassa virus/H.sapiens-wt/NGA/2015/ISTH_0681	2015-11-06	Africa	Nigeria			7164	Homo sapiens		2018-03-21	2018-03-21		Odia,I.,Ehaine,P.,Oguzie,J.U.,Siddle,K.J.,Mehta,S.,Barnes,K.M.,Winnicki,S.M.,Brehio,P.,Shah,R.,Chak,B.,Yozwiak,N.,Amao,A.,Nosamiefan,I.,Birren,B.W.,Park,D.J.,Folarin,O.,Okokhere,P.,Sabeti,P.C.,Happi,C.T.	Odia et al.	Broad Institute of Harvard and MIT, Infectious Disease Program	2015.8479452054794
MH053568	MH053568.1	Lassa virus/H.sapiens-wt/NGA/2016/ISTH_1070	2016-04-13	Africa	Nigeria			7017	Homo sapiens		2018-03-21	2018-03-21		Odia,I.,Ehaine,P.,Oguzie,J.U.,Siddle,K.J.,Mehta,S.,Barnes,K.M.,Winnicki,S.M.,Brehio,P.,Shah,R.,Chak,B.,Yozwiak,N.,Amao,A.,Nosamiefan,I.,Birren,B.W.,Park,D.J.,Folarin,O.,Okokhere,P.,Sabeti,P.C.,Happi,C.T.	Odia et al.	Broad Institute of Harvard and MIT, Infectious Disease Program	2016.282786885246
MH053570	MH053570.1	Lassa virus/H.sapiens-wt/NGA/2015/ISTH_0543	2015-09-14	Africa	Nigeria			7235	Homo sapiens		2018-03-21	2018-03-21		Odia,I.,Ehaine,P.,Oguzie,J.U.,Siddle,K.J.,Mehta,S.,Barnes,K.M.,Winnicki,S.M.,Brehio,P.,Shah,R.,Chak,B.,Yozwiak,N.,Amao,A.,Nosamiefan,I.,Birren,B.W.,Park,D.J.,Folarin,O.,Okokhere,P.,Sabeti,P.C.,Happi,C.T.	Odia et al.	Broad Institute of Harvard and MIT, Infectious Disease Program	2015.7027397260274
MH053579	MH053579.1	Lassa virus/H.sapiens-wt/NGA/2016/ISTH_1026	2016-04-04	Africa	Nigeria			7117	Homo sapiens		2018-03-21	2018-03-21		Odia,I.,Ehaine,P.,Oguzie,J.U.,Siddle,K.J.,Mehta,S.,Barnes,K.M.,Winnicki,S.M.,Brehio,P.,Shah,R.,Chak,B.,Yozwiak,N.,Amao,A.,Nosamiefan,I.,Birren,B.W.,Park,D.J.,Folarin,O.,Okokhere,P.,Sabeti,P.C.,Happi,C.T.	Odia et al.	Broad Institute of Harvard and MIT, Infectious Disease Program	2016.2581967213114
MH053581	MH053581.1	Lassa virus/H.sapiens-wt/NGA/2015/ISTH_0821	2015-12-27	Africa	Nigeria			7135	Homo sapiens		2018-03-21	2018-03-21		Odia,I.,Ehaine,P.,Oguzie,J.U.,Siddle,K.J.,Mehta,S.,Barnes,K.M.,Winnicki,S.M.,Brehio,P.,Shah,R.,Chak,B.,Yozwiak,N.,Amao,A.,Nosamiefan,I.,Birren,B.W.,Park,D.J.,Folarin,O.,Okokhere,P.,Sabeti,P.C.,Happi,C.T.	Odia et al.	Broad Institute of Harvard and MIT, Infectious Disease Program	2015.9876712328767
MH053583	MH053583.1	Lassa virus/H.sapiens-wt/NGA/2016/ISTH_0565	2016-02-11	Africa	Nigeria			6564	Homo sapiens		2018-03-21	2018-03-21		Odia,I.,Ehaine,P.,Oguzie,J.U.,Siddle,K.J.,Mehta,S.,Barnes,K.M.,Winnicki,S.M.,Brehio,P.,Shah,R.,Chak,B.,Yozwiak,N.,Amao,A.,Nosamiefan,I.,Birren,B.W.,Park,D.J.,Folarin,O.,Okokhere,P.,Sabeti,P.C.,Happi,C.T.	Odia et al.	Broad Institute of Harvard and MIT, Infectious Disease Program	2016.113387978142
MH053587	MH053587.1	Lassa virus/H.sapiens-wt/NGA/2016/ISTH_1250	2016-05-18	Africa	Nigeria			7235	Homo sapiens		2018-03-21	2018-03-21		Odia,I.,Ehaine,P.,Oguzie,J.U.,Siddle,K.J.,Mehta,S.,Barnes,K.M.,Winnicki,S.M.,Brehio,P.,Shah,R.,Chak,B.,Yozwiak,N.,Amao,A.,Nosamiefan,I.,Birren,B.W.,Park,D.J.,Folarin,O.,Okokhere,P.,Sabeti,P.C.,Happi,C.T.	Odia et al.	Broad Institute of Harvard and MIT, Infectious Disease Program	2016.3784153005465
MH053590	MH053590.1	Lassa virus/H.sapiens-wt/NGA/2016/ISTH_1609	2016-11-01	Africa	Nigeria			6711	Homo sapiens		2018-03-21	2018-03-21		Odia,I.,Ehaine,P.,Oguzie,J.U.,Siddle,K.J.,Mehta,S.,Barnes,K.M.,Winnicki,S.M.,Brehio,P.,Shah,R.,Chak,B.,Yozwiak,N.,Amao,A.,Nosamiefan,I.,Birren,B.W.,Park,D.J.,Folarin,O.,Okokhere,P.,Sabeti,P.C.,Happi,C.T.	Odia et al.	Broad Institute of Harvard and MIT, Infectious Disease Program	2016.8346994535518
MH157031	MH157031.1	Lassa virus/H.sapiens-wt/NGA/2018/ISTH_1643	2018-03-05	Africa	Nigeria			7074	Homo sapiens		2018-04-10	2018-04-10		Odia,I.,Ehaine,P.,Oguzie,J.U.,Siddle,K.J.,Mehta,S.,Barnes,K.M.,Winnicki,S.M.,Brehio,P.,Shah,R.,Chak,B.,Yozwiak,N.,Amao,A.,Nosamiefan,I.,Birren,B.W.,Park,D.J.,Folarin,O.,Okokhere,P.,Sabeti,P.C.,Happi,C.T.	Odia et al.	Broad Institute of Harvard and MIT, Infectious Disease Program	2018.1739726027397
MH215286	MH215286.1	LF18041	2018-03-03	Africa	Liberia	Monsterrado		7177	Homo sapiens		2019-04-16	2019-04-16		Wiley,M.R.,Prieto,K.,Reyes,D.,Chitty,J.A.,Fakoli,L.,Bolay,F.,Palacios,G.	Wiley et al.	United States Army Medical Research Institute of Infectious Diseases (USAMRIID), Center for Genome Sciences	2018.168493150685
MH887901	MH887901.1	H.sapiens-wt/NGA/2018/LASV0078-ONDO-2017	2017-05-07	Africa	Nigeria			7172	Homo sapiens		2018-10-24	2018-10-24		Siddle,K.J.,Eromon,P.,Barnes,K.G.,Mehta,S.,Oguzie,J.U.,Odia,I.,Schaffner,S.F.,Winnicki,S.M.,Shah,R.R.,Qu,J.,Wohl,S.,Brehio,P.,Iruolagbe,C.,Aiyepada,J.,Uyigue,E.,Akhilomen,P.,Okonofua,G.,Ye,S.,Kayode,T.,Ajogbasile,F.,Uwanibe,J.,Gaye,A.,Momoh,M.,Chak,B.,Kotliar,D.,Carter,A.,Gladden-Young,A.,Freije,C.A.,Omoregie,O.,Osiemi,B.,Muoebonam,E.B.,Airende,M.,Enigbe,R.,Ebo,B.,Nosamiefan,I.,Oluniyi,P.,Nekoui,M.,Ogbaini-Emovon,E.,Garry,R.F.,Andersen,K.G.,Park,D.J.,Yozwiak,N.L.,Akpede,G.,Ihekweazu,C.,Tomori,O.,Okogbenin,S.,Folarin,O.A.,Okokhere,P.O.,MacInnis,B.L.,Sabeti,P.C.,Happi,C.T.,Winnicki,S.,Shah,R.,Yozwiak,N.,Adebayo,A.,Birren,B.W.,Folarin,O.,Okokhere,P.	Siddle et al.	Broad Institute, Infectious Disease Program	2017.3465753424657
MH887904	MH887904.1	H.sapiens-wt/NGA/2018/LASV0156-ONDO-2018	2018-02-05	Africa	Nigeria			7226	Homo sapiens		2018-10-24	2018-10-24		Siddle,K.J.,Eromon,P.,Barnes,K.G.,Mehta,S.,Oguzie,J.U.,Odia,I.,Schaffner,S.F.,Winnicki,S.M.,Shah,R.R.,Qu,J.,Wohl,S.,Brehio,P.,Iruolagbe,C.,Aiyepada,J.,Uyigue,E.,Akhilomen,P.,Okonofua,G.,Ye,S.,Kayode,T.,Ajogbasile,F.,Uwanibe,J.,Gaye,A.,Momoh,M.,Chak,B.,Kotliar,D.,Carter,A.,Gladden-Young,A.,Freije,C.A.,Omoregie,O.,Osiemi,B.,Muoebonam,E.B.,Airende,M.,Enigbe,R.,Ebo,B.,Nosamiefan,I.,Oluniyi,P.,Nekoui,M.,Ogbaini-Emovon,E.,Garry,R.F.,Andersen,K.G.,Park,D.J.,Yozwiak,N.L.,Akpede,G.,Ihekweazu,C.,Tomori,O.,Okogbenin,S.,Folarin,O.A.,Okokhere,P.O.,MacInnis,B.L.,Sabeti,P.C.,Happi,C.T.,Winnicki,S.,Shah,R.,Yozwiak,N.,Adebayo,A.,Birren,B.W.,Folarin,O.,Okokhere,P.	Siddle et al.	Broad Institute, Infectious Disease Program	2018.0972602739726
MH887905	MH887905.1	H.sapiens-wt/NGA/2018/LASV0075-EDO-2017	2017-03-15	Africa	Nigeria			7238	Homo sapiens		2018-10-24	2018-10-24		Siddle,K.J.,Eromon,P.,Barnes,K.G.,Mehta,S.,Oguzie,J.U.,Odia,I.,Schaffner,S.F.,Winnicki,S.M.,Shah,R.R.,Qu,J.,Wohl,S.,Brehio,P.,Iruolagbe,C.,Aiyepada,J.,Uyigue,E.,Akhilomen,P.,Okonofua,G.,Ye,S.,Kayode,T.,Ajogbasile,F.,Uwanibe,J.,Gaye,A.,Momoh,M.,Chak,B.,Kotliar,D.,Carter,A.,Gladden-Young,A.,Freije,C.A.,Omoregie,O.,Osiemi,B.,Muoebonam,E.B.,Airende,M.,Enigbe,R.,Ebo,B.,Nosamiefan,I.,Oluniyi,P.,Nekoui,M.,Ogbaini-Emovon,E.,Garry,R.F.,Andersen,K.G.,Park,D.J.,Yozwiak,N.L.,Akpede,G.,Ihekweazu,C.,Tomori,O.,Okogbenin,S.,Folarin,O.A.,Okokhere,P.O.,MacInnis,B.L.,Sabeti,P.C.,Happi,C.T.,Winnicki,S.,Shah,R.,Yozwiak,N.,Adebayo,A.,Birren,B.W.,Folarin,O.,Okokhere,P.	Siddle et al.	Broad Institute, Infectious Disease Program	2017.2013698630137
MH887907	MH887907.1	H.sapiens-wt/NGA/2018/LASV0068-ONDO-2017	2017-01-26	Africa	Nigeria			7210	Homo sapiens		2018-10-24	2018-10-24		Siddle,K.J.,Eromon,P.,Barnes,K.G.,Mehta,S.,Oguzie,J.U.,Odia,I.,Schaffner,S.F.,Winnicki,S.M.,Shah,R.R.,Qu,J.,Wohl,S.,Brehio,P.,Iruolagbe,C.,Aiyepada,J.,Uyigue,E.,Akhilomen,P.,Okonofua,G.,Ye,S.,Kayode,T.,Ajogbasile,F.,Uwanibe,J.,Gaye,A.,Momoh,M.,Chak,B.,Kotliar,D.,Carter,A.,Gladden-Young,A.,Freije,C.A.,Omoregie,O.,Osiemi,B.,Muoebonam,E.B.,Airende,M.,Enigbe,R.,Ebo,B.,Nosamiefan,I.,Oluniyi,P.,Nekoui,M.,Ogbaini-Emovon,E.,Garry,R.F.,Andersen,K.G.,Park,D.J.,Yozwiak,N.L.,Akpede,G.,Ihekweazu,C.,Tomori,O.,Okogbenin,S.,Folarin,O.A.,Okokhere,P.O.,MacInnis,B.L.,Sabeti,P.C.,Happi,C.T.,Winnicki,S.,Shah,R.,Yozwiak,N.,Adebayo,A.,Birren,B.W.,Folarin,O.,Okokhere,P.	Siddle et al.	Broad Institute, Infectious Disease Program	2017.0698630136985
MH887912	MH887912.1	H.sapiens-wt/NGA/2018/LASV0215-ONDO-2018	2018-03-21	Africa	Nigeria			7190	Homo sapiens		2018-10-24	2018-10-24		Siddle,K.J.,Eromon,P.,Barnes,K.G.,Mehta,S.,Oguzie,J.U.,Odia,I.,Schaffner,S.F.,Winnicki,S.M.,Shah,R.R.,Qu,J.,Wohl,S.,Brehio,P.,Iruolagbe,C.,Aiyepada,J.,Uyigue,E.,Akhilomen,P.,Okonofua,G.,Ye,S.,Kayode,T.,Ajogbasile,F.,Uwanibe,J.,Gaye,A.,Momoh,M.,Chak,B.,Kotliar,D.,Carter,A.,Gladden-Young,A.,Freije,C.A.,Omoregie,O.,Osiemi,B.,Muoebonam,E.B.,Airende,M.,Enigbe,R.,Ebo,B.,Nosamiefan,I.,Oluniyi,P.,Nekoui,M.,Ogbaini-Emovon,E.,Garry,R.F.,Andersen,K.G.,Park,D.J.,Yozwiak,N.L.,Akpede,G.,Ihekweazu,C.,Tomori,O.,Okogbenin,S.,Folarin,O.A.,Okokhere,P.O.,MacInnis,B.L.,Sabeti,P.C.,Happi,C.T.,Winnicki,S.,Shah,R.,Yozwiak,N.,Adebayo,A.,Birren,B.W.,Folarin,O.,Okokhere,P.	Siddle et al.	Broad Institute, Infectious Disease Program	2018.217808219178
MH887913	MH887913.1	H.sapiens-wt/NGA/2018/LASV0103-EDO-2017	2017-11-29	Africa	Nigeria			7214	Homo sapiens		2018-10-24	2018-10-24		Siddle,K.J.,Eromon,P.,Barnes,K.G.,Mehta,S.,Oguzie,J.U.,Odia,I.,Schaffner,S.F.,Winnicki,S.M.,Shah,R.R.,Qu,J.,Wohl,S.,Brehio,P.,Iruolagbe,C.,Aiyepada,J.,Uyigue,E.,Akhilomen,P.,Okonofua,G.,Ye,S.,Kayode,T.,Ajogbasile,F.,Uwanibe,J.,Gaye,A.,Momoh,M.,Chak,B.,Kotliar,D.,Carter,A.,Gladden-Young,A.,Freije,C.A.,Omoregie,O.,Osiemi,B.,Muoebonam,E.B.,Airende,M.,Enigbe,R.,Ebo,B.,Nosamiefan,I.,Oluniyi,P.,Nekoui,M.,Ogbaini-Emovon,E.,Garry,R.F.,Andersen,K.G.,Park,D.J.,Yozwiak,N.L.,Akpede,G.,Ihekweazu,C.,Tomori,O.,Okogbenin,S.,Folarin,O.A.,Okokhere,P.O.,MacInnis,B.L.,Sabeti,P.C.,Happi,C.T.,Winnicki,S.,Shah,R.,Yozwiak,N.,Adebayo,A.,Birren,B.W.,Folarin,O.,Okokhere,P.	Siddle et al.	Broad Institute, Infectious Disease Program	2017.9109589041095
MH887914	MH887914.1	H.sapiens-wt/NGA/2018/LASV0080-ONDO-2017	2017-05-16	Africa	Nigeria			7217	Homo sapiens		2018-10-24	2018-10-24		Siddle,K.J.,Eromon,P.,Barnes,K.G.,Mehta,S.,Oguzie,J.U.,Odia,I.,Schaffner,S.F.,Winnicki,S.M.,Shah,R.R.,Qu,J.,Wohl,S.,Brehio,P.,Iruolagbe,C.,Aiyepada,J.,Uyigue,E.,Akhilomen,P.,Okonofua,G.,Ye,S.,Kayode,T.,Ajogbasile,F.,Uwanibe,J.,Gaye,A.,Momoh,M.,Chak,B.,Kotliar,D.,Carter,A.,Gladden-Young,A.,Freije,C.A.,Omoregie,O.,Osiemi,B.,Muoebonam,E.B.,Airende,M.,Enigbe,R.,Ebo,B.,Nosamiefan,I.,Oluniyi,P.,Nekoui,M.,Ogbaini-Emovon,E.,Garry,R.F.,Andersen,K.G.,Park,D.J.,Yozwiak,N.L.,Akpede,G.,Ihekweazu,C.,Tomori,O.,Okogbenin,S.,Folarin,O.A.,Okokhere,P.O.,MacInnis,B.L.,Sabeti,P.C.,Happi,C.T.,Winnicki,S.,Shah,R.,Yozwiak,N.,Adebayo,A.,Birren,B.W.,Folarin,O.,Okokhere,P.	Siddle et al.	Broad Institute, Infectious Disease Program	2017.3712328767124
MH887916	MH887916.1	H.sapiens-wt/NGA/2018/LASV0070-ONDO-2017	2017-02-10	Africa	Nigeria			7188	Homo sapiens		2018-10-24	2018-10-24		Siddle,K.J.,Eromon,P.,Barnes,K.G.,Mehta,S.,Oguzie,J.U.,Odia,I.,Schaffner,S.F.,Winnicki,S.M.,Shah,R.R.,Qu,J.,Wohl,S.,Brehio,P.,Iruolagbe,C.,Aiyepada,J.,Uyigue,E.,Akhilomen,P.,Okonofua,G.,Ye,S.,Kayode,T.,Ajogbasile,F.,Uwanibe,J.,Gaye,A.,Momoh,M.,Chak,B.,Kotliar,D.,Carter,A.,Gladden-Young,A.,Freije,C.A.,Omoregie,O.,Osiemi,B.,Muoebonam,E.B.,Airende,M.,Enigbe,R.,Ebo,B.,Nosamiefan,I.,Oluniyi,P.,Nekoui,M.,Ogbaini-Emovon,E.,Garry,R.F.,Andersen,K.G.,Park,D.J.,Yozwiak,N.L.,Akpede,G.,Ihekweazu,C.,Tomori,O.,Okogbenin,S.,Folarin,O.A.,Okokhere,P.O.,MacInnis,B.L.,Sabeti,P.C.,Happi,C.T.,Winnicki,S.,Shah,R.,Yozwiak,N.,Adebayo,A.,Birren,B.W.,Folarin,O.,Okokhere,P.	Siddle et al.	Broad Institute, Infectious Disease Program	2017.1109589041096
MH887917	MH887917.1	H.sapiens-wt/NGA/2018/LASV0096-ONDO-2017	2017-09-18	Africa	Nigeria			7229	Homo sapiens		2018-10-24	2018-10-24		Siddle,K.J.,Eromon,P.,Barnes,K.G.,Mehta,S.,Oguzie,J.U.,Odia,I.,Schaffner,S.F.,Winnicki,S.M.,Shah,R.R.,Qu,J.,Wohl,S.,Brehio,P.,Iruolagbe,C.,Aiyepada,J.,Uyigue,E.,Akhilomen,P.,Okonofua,G.,Ye,S.,Kayode,T.,Ajogbasile,F.,Uwanibe,J.,Gaye,A.,Momoh,M.,Chak,B.,Kotliar,D.,Carter,A.,Gladden-Young,A.,Freije,C.A.,Omoregie,O.,Osiemi,B.,Muoebonam,E.B.,Airende,M.,Enigbe,R.,Ebo,B.,Nosamiefan,I.,Oluniyi,P.,Nekoui,M.,Ogbaini-Emovon,E.,Garry,R.F.,Andersen,K.G.,Park,D.J.,Yozwiak,N.L.,Akpede,G.,Ihekweazu,C.,Tomori,O.,Okogbenin,S.,Folarin,O.A.,Okokhere,P.O.,MacInnis,B.L.,Sabeti,P.C.,Happi,C.T.,Winnicki,S.,Shah,R.,Yozwiak,N.,Adebayo,A.,Birren,B.W.,Folarin,O.,Okokhere,P.	Siddle et al.	Broad Institute, Infectious Disease Program	2017.713698630137
MH887919	MH887919.1	H.sapiens-wt/NGA/2018/LASV0088-EDO-2017	2017-06-27	Africa	Nigeria			7173	Homo sapiens		2018-10-24	2018-10-24		Siddle,K.J.,Eromon,P.,Barnes,K.G.,Mehta,S.,Oguzie,J.U.,Odia,I.,Schaffner,S.F.,Winnicki,S.M.,Shah,R.R.,Qu,J.,Wohl,S.,Brehio,P.,Iruolagbe,C.,Aiyepada,J.,Uyigue,E.,Akhilomen,P.,Okonofua,G.,Ye,S.,Kayode,T.,Ajogbasile,F.,Uwanibe,J.,Gaye,A.,Momoh,M.,Chak,B.,Kotliar,D.,Carter,A.,Gladden-Young,A.,Freije,C.A.,Omoregie,O.,Osiemi,B.,Muoebonam,E.B.,Airende,M.,Enigbe,R.,Ebo,B.,Nosamiefan,I.,Oluniyi,P.,Nekoui,M.,Ogbaini-Emovon,E.,Garry,R.F.,Andersen,K.G.,Park,D.J.,Yozwiak,N.L.,Akpede,G.,Ihekweazu,C.,Tomori,O.,Okogbenin,S.,Folarin,O.A.,Okokhere,P.O.,MacInnis,B.L.,Sabeti,P.C.,Happi,C.T.,Winnicki,S.,Shah,R.,Yozwiak,N.,Adebayo,A.,Birren,B.W.,Folarin,O.,Okokhere,P.	Siddle et al.	Broad Institute, Infectious Disease Program	2017.486301369863
MH887922	MH887922.1	H.sapiens-wt/NGA/2018/LASV0101-EDO-2017	2017-11-10	Africa	Nigeria			7134	Homo sapiens		2018-10-24	2018-10-24		Siddle,K.J.,Eromon,P.,Barnes,K.G.,Mehta,S.,Oguzie,J.U.,Odia,I.,Schaffner,S.F.,Winnicki,S.M.,Shah,R.R.,Qu,J.,Wohl,S.,Brehio,P.,Iruolagbe,C.,Aiyepada,J.,Uyigue,E.,Akhilomen,P.,Okonofua,G.,Ye,S.,Kayode,T.,Ajogbasile,F.,Uwanibe,J.,Gaye,A.,Momoh,M.,Chak,B.,Kotliar,D.,Carter,A.,Gladden-Young,A.,Freije,C.A.,Omoregie,O.,Osiemi,B.,Muoebonam,E.B.,Airende,M.,Enigbe,R.,Ebo,B.,Nosamiefan,I.,Oluniyi,P.,Nekoui,M.,Ogbaini-Emovon,E.,Garry,R.F.,Andersen,K.G.,Park,D.J.,Yozwiak,N.L.,Akpede,G.,Ihekweazu,C.,Tomori,O.,Okogbenin,S.,Folarin,O.A.,Okokhere,P.O.,MacInnis,B.L.,Sabeti,P.C.,Happi,C.T.,Winnicki,S.,Shah,R.,Yozwiak,N.,Adebayo,A.,Birren,B.W.,Folarin,O.,Okokhere,P.	Siddle et al.	Broad Institute, Infectious Disease Program	2017.858904109589
MH887923	MH887923.1	H.sapiens-wt/NGA/2018/LASV0066-EDO-2017	2017-01-21	Africa	Nigeria			7234	Homo sapiens		2018-10-24	2018-10-24		Siddle,K.J.,Eromon,P.,Barnes,K.G.,Mehta,S.,Oguzie,J.U.,Odia,I.,Schaffner,S.F.,Winnicki,S.M.,Shah,R.R.,Qu,J.,Wohl,S.,Brehio,P.,Iruolagbe,C.,Aiyepada,J.,Uyigue,E.,Akhilomen,P.,Okonofua,G.,Ye,S.,Kayode,T.,Ajogbasile,F.,Uwanibe,J.,Gaye,A.,Momoh,M.,Chak,B.,Kotliar,D.,Carter,A.,Gladden-Young,A.,Freije,C.A.,Omoregie,O.,Osiemi,B.,Muoebonam,E.B.,Airende,M.,Enigbe,R.,Ebo,B.,Nosamiefan,I.,Oluniyi,P.,Nekoui,M.,Ogbaini-Emovon,E.,Garry,R.F.,Andersen,K.G.,Park,D.J.,Yozwiak,N.L.,Akpede,G.,Ihekweazu,C.,Tomori,O.,Okogbenin,S.,Folarin,O.A.,Okokhere,P.O.,MacInnis,B.L.,Sabeti,P.C.,Happi,C.T.,Winnicki,S.,Shah,R.,Yozwiak,N.,Adebayo,A.,Birren,B.W.,Folarin,O.,Okokhere,P.	Siddle et al.	Broad Institute, Infectious Disease Program	2017.0561643835617
MH887927	MH887927.1	H.sapiens-wt/NGA/2018/LASV0099-EDO-2017	2017-10-17	Africa	Nigeria			7206	Homo sapiens		2018-10-24	2018-10-24		Siddle,K.J.,Eromon,P.,Barnes,K.G.,Mehta,S.,Oguzie,J.U.,Odia,I.,Schaffner,S.F.,Winnicki,S.M.,Shah,R.R.,Qu,J.,Wohl,S.,Brehio,P.,Iruolagbe,C.,Aiyepada,J.,Uyigue,E.,Akhilomen,P.,Okonofua,G.,Ye,S.,Kayode,T.,Ajogbasile,F.,Uwanibe,J.,Gaye,A.,Momoh,M.,Chak,B.,Kotliar,D.,Carter,A.,Gladden-Young,A.,Freije,C.A.,Omoregie,O.,Osiemi,B.,Muoebonam,E.B.,Airende,M.,Enigbe,R.,Ebo,B.,Nosamiefan,I.,Oluniyi,P.,Nekoui,M.,Ogbaini-Emovon,E.,Garry,R.F.,Andersen,K.G.,Park,D.J.,Yozwiak,N.L.,Akpede,G.,Ihekweazu,C.,Tomori,O.,Okogbenin,S.,Folarin,O.A.,Okokhere,P.O.,MacInnis,B.L.,Sabeti,P.C.,Happi,C.T.,Winnicki,S.,Shah,R.,Yozwiak,N.,Adebayo,A.,Birren,B.W.,Folarin,O.,Okokhere,P.	Siddle et al.	Broad Institute, Infectious Disease Program	2017.7931506849316
MH887931	MH887931.1	H.sapiens-wt/NGA/2018/LASV0067-EDO-2017	2017-01-24	Africa	Nigeria			7197	Homo sapiens		2018-10-24	2018-10-24		Siddle,K.J.,Eromon,P.,Barnes,K.G.,Mehta,S.,Oguzie,J.U.,Odia,I.,Schaffner,S.F.,Winnicki,S.M.,Shah,R.R.,Qu,J.,Wohl,S.,Brehio,P.,Iruolagbe,C.,Aiyepada,J.,Uyigue,E.,Akhilomen,P.,Okonofua,G.,Ye,S.,Kayode,T.,Ajogbasile,F.,Uwanibe,J.,Gaye,A.,Momoh,M.,Chak,B.,Kotliar,D.,Carter,A.,Gladden-Young,A.,Freije,C.A.,Omoregie,O.,Osiemi,B.,Muoebonam,E.B.,Airende,M.,Enigbe,R.,Ebo,B.,Nosamiefan,I.,Oluniyi,P.,Nekoui,M.,Ogbaini-Emovon,E.,Garry,R.F.,Andersen,K.G.,Park,D.J.,Yozwiak,N.L.,Akpede,G.,Ihekweazu,C.,Tomori,O.,Okogbenin,S.,Folarin,O.A.,Okokhere,P.O.,MacInnis,B.L.,Sabeti,P.C.,Happi,C.T.,Winnicki,S.,Shah,R.,Yozwiak,N.,Adebayo,A.,Birren,B.W.,Folarin,O.,Okokhere,P.	Siddle et al.	Broad Institute, Infectious Disease Program	2017.0643835616438
MH887939	MH887939.1	H.sapiens-wt/NGA/2018/LASV0072-ONDO-2017	2017-02-14	Africa	Nigeria			7220	Homo sapiens		2018-10-24	2018-10-24		Siddle,K.J.,Eromon,P.,Barnes,K.G.,Mehta,S.,Oguzie,J.U.,Odia,I.,Schaffner,S.F.,Winnicki,S.M.,Shah,R.R.,Qu,J.,Wohl,S.,Brehio,P.,Iruolagbe,C.,Aiyepada,J.,Uyigue,E.,Akhilomen,P.,Okonofua,G.,Ye,S.,Kayode,T.,Ajogbasile,F.,Uwanibe,J.,Gaye,A.,Momoh,M.,Chak,B.,Kotliar,D.,Carter,A.,Gladden-Young,A.,Freije,C.A.,Omoregie,O.,Osiemi,B.,Muoebonam,E.B.,Airende,M.,Enigbe,R.,Ebo,B.,Nosamiefan,I.,Oluniyi,P.,Nekoui,M.,Ogbaini-Emovon,E.,Garry,R.F.,Andersen,K.G.,Park,D.J.,Yozwiak,N.L.,Akpede,G.,Ihekweazu,C.,Tomori,O.,Okogbenin,S.,Folarin,O.A.,Okokhere,P.O.,MacInnis,B.L.,Sabeti,P.C.,Happi,C.T.,Winnicki,S.,Shah,R.,Yozwiak,N.,Adebayo,A.,Birren,B.W.,Folarin,O.,Okokhere,P.	Siddle et al.	Broad Institute, Infectious Disease Program	2017.1219178082192
MH887940	MH887940.1	H.sapiens-wt/NGA/2018/LASV0104-ONDO-2017	2017-12-12	Africa	Nigeria			7194	Homo sapiens		2018-10-24	2018-10-24		Siddle,K.J.,Eromon,P.,Barnes,K.G.,Mehta,S.,Oguzie,J.U.,Odia,I.,Schaffner,S.F.,Winnicki,S.M.,Shah,R.R.,Qu,J.,Wohl,S.,Brehio,P.,Iruolagbe,C.,Aiyepada,J.,Uyigue,E.,Akhilomen,P.,Okonofua,G.,Ye,S.,Kayode,T.,Ajogbasile,F.,Uwanibe,J.,Gaye,A.,Momoh,M.,Chak,B.,Kotliar,D.,Carter,A.,Gladden-Young,A.,Freije,C.A.,Omoregie,O.,Osiemi,B.,Muoebonam,E.B.,Airende,M.,Enigbe,R.,Ebo,B.,Nosamiefan,I.,Oluniyi,P.,Nekoui,M.,Ogbaini-Emovon,E.,Garry,R.F.,Andersen,K.G.,Park,D.J.,Yozwiak,N.L.,Akpede,G.,Ihekweazu,C.,Tomori,O.,Okogbenin,S.,Folarin,O.A.,Okokhere,P.O.,MacInnis,B.L.,Sabeti,P.C.,Happi,C.T.,Winnicki,S.,Shah,R.,Yozwiak,N.,Adebayo,A.,Birren,B.W.,Folarin,O.,Okokhere,P.	Siddle et al.	Broad Institute, Infectious Disease Program	2017.9465753424658
MH887946	MH887946.1	H.sapiens-wt/NGA/2018/LASV0110-ONDO-2017	2017-12-26	Africa	Nigeria			7070	Homo sapiens		2018-10-24	2018-10-24		Siddle,K.J.,Eromon,P.,Barnes,K.G.,Mehta,S.,Oguzie,J.U.,Odia,I.,Schaffner,S.F.,Winnicki,S.M.,Shah,R.R.,Qu,J.,Wohl,S.,Brehio,P.,Iruolagbe,C.,Aiyepada,J.,Uyigue,E.,Akhilomen,P.,Okonofua,G.,Ye,S.,Kayode,T.,Ajogbasile,F.,Uwanibe,J.,Gaye,A.,Momoh,M.,Chak,B.,Kotliar,D.,Carter,A.,Gladden-Young,A.,Freije,C.A.,Omoregie,O.,Osiemi,B.,Muoebonam,E.B.,Airende,M.,Enigbe,R.,Ebo,B.,Nosamiefan,I.,Oluniyi,P.,Nekoui,M.,Ogbaini-Emovon,E.,Garry,R.F.,Andersen,K.G.,Park,D.J.,Yozwiak,N.L.,Akpede,G.,Ihekweazu,C.,Tomori,O.,Okogbenin,S.,Folarin,O.A.,Okokhere,P.O.,MacInnis,B.L.,Sabeti,P.C.,Happi,C.T.,Winnicki,S.,Shah,R.,Yozwiak,N.,Adebayo,A.,Birren,B.W.,Folarin,O.,Okokhere,P.	Siddle et al.	Broad Institute, Infectious Disease Program	2017.9849315068493
MH887949	MH887949.1	H.sapiens-wt/NGA/2018/LASV0108-ONDO-2017	2017-12-17	Africa	Nigeria			7158	Homo sapiens		2018-10-24	2018-10-24		Siddle,K.J.,Eromon,P.,Barnes,K.G.,Mehta,S.,Oguzie,J.U.,Odia,I.,Schaffner,S.F.,Winnicki,S.M.,Shah,R.R.,Qu,J.,Wohl,S.,Brehio,P.,Iruolagbe,C.,Aiyepada,J.,Uyigue,E.,Akhilomen,P.,Okonofua,G.,Ye,S.,Kayode,T.,Ajogbasile,F.,Uwanibe,J.,Gaye,A.,Momoh,M.,Chak,B.,Kotliar,D.,Carter,A.,Gladden-Young,A.,Freije,C.A.,Omoregie,O.,Osiemi,B.,Muoebonam,E.B.,Airende,M.,Enigbe,R.,Ebo,B.,Nosamiefan,I.,Oluniyi,P.,Nekoui,M.,Ogbaini-Emovon,E.,Garry,R.F.,Andersen,K.G.,Park,D.J.,Yozwiak,N.L.,Akpede,G.,Ihekweazu,C.,Tomori,O.,Okogbenin,S.,Folarin,O.A.,Okokhere,P.O.,MacInnis,B.L.,Sabeti,P.C.,Happi,C.T.,Winnicki,S.,Shah,R.,Yozwiak,N.,Adebayo,A.,Birren,B.W.,Folarin,O.,Okokhere,P.	Siddle et al.	Broad Institute, Infectious Disease Program	2017.9602739726026
MH887950	MH887950.1	H.sapiens-wt/NGA/2018/LASV0092-EDO-2017	2017-08-04	Africa	Nigeria			7220	Homo sapiens		2018-10-24	2018-10-24		Siddle,K.J.,Eromon,P.,Barnes,K.G.,Mehta,S.,Oguzie,J.U.,Odia,I.,Schaffner,S.F.,Winnicki,S.M.,Shah,R.R.,Qu,J.,Wohl,S.,Brehio,P.,Iruolagbe,C.,Aiyepada,J.,Uyigue,E.,Akhilomen,P.,Okonofua,G.,Ye,S.,Kayode,T.,Ajogbasile,F.,Uwanibe,J.,Gaye,A.,Momoh,M.,Chak,B.,Kotliar,D.,Carter,A.,Gladden-Young,A.,Freije,C.A.,Omoregie,O.,Osiemi,B.,Muoebonam,E.B.,Airende,M.,Enigbe,R.,Ebo,B.,Nosamiefan,I.,Oluniyi,P.,Nekoui,M.,Ogbaini-Emovon,E.,Garry,R.F.,Andersen,K.G.,Park,D.J.,Yozwiak,N.L.,Akpede,G.,Ihekweazu,C.,Tomori,O.,Okogbenin,S.,Folarin,O.A.,Okokhere,P.O.,MacInnis,B.L.,Sabeti,P.C.,Happi,C.T.,Winnicki,S.,Shah,R.,Yozwiak,N.,Adebayo,A.,Birren,B.W.,Folarin,O.,Okokhere,P.	Siddle et al.	Broad Institute, Infectious Disease Program	2017.5904109589042
MH887951	MH887951.1	H.sapiens-wt/NGA/2018/LASV0085-EDO-2017	2017-06-17	Africa	Nigeria			7238	Homo sapiens		2018-10-24	2018-10-24		Siddle,K.J.,Eromon,P.,Barnes,K.G.,Mehta,S.,Oguzie,J.U.,Odia,I.,Schaffner,S.F.,Winnicki,S.M.,Shah,R.R.,Qu,J.,Wohl,S.,Brehio,P.,Iruolagbe,C.,Aiyepada,J.,Uyigue,E.,Akhilomen,P.,Okonofua,G.,Ye,S.,Kayode,T.,Ajogbasile,F.,Uwanibe,J.,Gaye,A.,Momoh,M.,Chak,B.,Kotliar,D.,Carter,A.,Gladden-Young,A.,Freije,C.A.,Omoregie,O.,Osiemi,B.,Muoebonam,E.B.,Airende,M.,Enigbe,R.,Ebo,B.,Nosamiefan,I.,Oluniyi,P.,Nekoui,M.,Ogbaini-Emovon,E.,Garry,R.F.,Andersen,K.G.,Park,D.J.,Yozwiak,N.L.,Akpede,G.,Ihekweazu,C.,Tomori,O.,Okogbenin,S.,Folarin,O.A.,Okokhere,P.O.,MacInnis,B.L.,Sabeti,P.C.,Happi,C.T.,Winnicki,S.,Shah,R.,Yozwiak,N.,Adebayo,A.,Birren,B.W.,Folarin,O.,Okokhere,P.	Siddle et al.	Broad Institute, Infectious Disease Program	2017.458904109589
MH887962	MH887962.1	H.sapiens-wt/NGA/2018/LASV0091-EDO-2017	2017-08-03	Africa	Nigeria			7170	Homo sapiens		2018-10-24	2018-10-24		Siddle,K.J.,Eromon,P.,Barnes,K.G.,Mehta,S.,Oguzie,J.U.,Odia,I.,Schaffner,S.F.,Winnicki,S.M.,Shah,R.R.,Qu,J.,Wohl,S.,Brehio,P.,Iruolagbe,C.,Aiyepada,J.,Uyigue,E.,Akhilomen,P.,Okonofua,G.,Ye,S.,Kayode,T.,Ajogbasile,F.,Uwanibe,J.,Gaye,A.,Momoh,M.,Chak,B.,Kotliar,D.,Carter,A.,Gladden-Young,A.,Freije,C.A.,Omoregie,O.,Osiemi,B.,Muoebonam,E.B.,Airende,M.,Enigbe,R.,Ebo,B.,Nosamiefan,I.,Oluniyi,P.,Nekoui,M.,Ogbaini-Emovon,E.,Garry,R.F.,Andersen,K.G.,Park,D.J.,Yozwiak,N.L.,Akpede,G.,Ihekweazu,C.,Tomori,O.,Okogbenin,S.,Folarin,O.A.,Okokhere,P.O.,MacInnis,B.L.,Sabeti,P.C.,Happi,C.T.,Winnicki,S.,Shah,R.,Yozwiak,N.,Adebayo,A.,Birren,B.W.,Folarin,O.,Okokhere,P.	Siddle et al.	Broad Institute, Infectious Disease Program	2017.5876712328768
MH887964	MH887964.1	H.sapiens-wt/NGA/2018/LASV0098-EDO-2017	2017-10-16	Africa	Nigeria			7180	Homo sapiens		2018-10-24	2018-10-24		Siddle,K.J.,Eromon,P.,Barnes,K.G.,Mehta,S.,Oguzie,J.U.,Odia,I.,Schaffner,S.F.,Winnicki,S.M.,Shah,R.R.,Qu,J.,Wohl,S.,Brehio,P.,Iruolagbe,C.,Aiyepada,J.,Uyigue,E.,Akhilomen,P.,Okonofua,G.,Ye,S.,Kayode,T.,Ajogbasile,F.,Uwanibe,J.,Gaye,A.,Momoh,M.,Chak,B.,Kotliar,D.,Carter,A.,Gladden-Young,A.,Freije,C.A.,Omoregie,O.,Osiemi,B.,Muoebonam,E.B.,Airende,M.,Enigbe,R.,Ebo,B.,Nosamiefan,I.,Oluniyi,P.,Nekoui,M.,Ogbaini-Emovon,E.,Garry,R.F.,Andersen,K.G.,Park,D.J.,Yozwiak,N.L.,Akpede,G.,Ihekweazu,C.,Tomori,O.,Okogbenin,S.,Folarin,O.A.,Okokhere,P.O.,MacInnis,B.L.,Sabeti,P.C.,Happi,C.T.,Winnicki,S.,Shah,R.,Yozwiak,N.,Adebayo,A.,Birren,B.W.,Folarin,O.,Okokhere,P.	Siddle et al.	Broad Institute, Infectious Disease Program	2017.7904109589042
MH887965	MH887965.1	H.sapiens-wt/NGA/2018/LASV0083-ONDO-2017	2017-06-13	Africa	Nigeria			7238	Homo sapiens		2018-10-24	2018-10-24		Siddle,K.J.,Eromon,P.,Barnes,K.G.,Mehta,S.,Oguzie,J.U.,Odia,I.,Schaffner,S.F.,Winnicki,S.M.,Shah,R.R.,Qu,J.,Wohl,S.,Brehio,P.,Iruolagbe,C.,Aiyepada,J.,Uyigue,E.,Akhilomen,P.,Okonofua,G.,Ye,S.,Kayode,T.,Ajogbasile,F.,Uwanibe,J.,Gaye,A.,Momoh,M.,Chak,B.,Kotliar,D.,Carter,A.,Gladden-Young,A.,Freije,C.A.,Omoregie,O.,Osiemi,B.,Muoebonam,E.B.,Airende,M.,Enigbe,R.,Ebo,B.,Nosamiefan,I.,Oluniyi,P.,Nekoui,M.,Ogbaini-Emovon,E.,Garry,R.F.,Andersen,K.G.,Park,D.J.,Yozwiak,N.L.,Akpede,G.,Ihekweazu,C.,Tomori,O.,Okogbenin,S.,Folarin,O.A.,Okokhere,P.O.,MacInnis,B.L.,Sabeti,P.C.,Happi,C.T.,Winnicki,S.,Shah,R.,Yozwiak,N.,Adebayo,A.,Birren,B.W.,Folarin,O.,Okokhere,P.	Siddle et al.	Broad Institute, Infectious Disease Program	2017.4479452054795
MH887966	MH887966.1	H.sapiens-wt/NGA/2018/LASV0090-ONDO-2017	2017-07-19	Africa	Nigeria			7202	Homo sapiens		2018-10-24	2018-10-24		Siddle,K.J.,Eromon,P.,Barnes,K.G.,Mehta,S.,Oguzie,J.U.,Odia,I.,Schaffner,S.F.,Winnicki,S.M.,Shah,R.R.,Qu,J.,Wohl,S.,Brehio,P.,Iruolagbe,C.,Aiyepada,J.,Uyigue,E.,Akhilomen,P.,Okonofua,G.,Ye,S.,Kayode,T.,Ajogbasile,F.,Uwanibe,J.,Gaye,A.,Momoh,M.,Chak,B.,Kotliar,D.,Carter,A.,Gladden-Young,A.,Freije,C.A.,Omoregie,O.,Osiemi,B.,Muoebonam,E.B.,Airende,M.,Enigbe,R.,Ebo,B.,Nosamiefan,I.,Oluniyi,P.,Nekoui,M.,Ogbaini-Emovon,E.,Garry,R.F.,Andersen,K.G.,Park,D.J.,Yozwiak,N.L.,Akpede,G.,Ihekweazu,C.,Tomori,O.,Okogbenin,S.,Folarin,O.A.,Okokhere,P.O.,MacInnis,B.L.,Sabeti,P.C.,Happi,C.T.,Winnicki,S.,Shah,R.,Yozwiak,N.,Adebayo,A.,Birren,B.W.,Folarin,O.,Okokhere,P.	Siddle et al.	Broad Institute, Infectious Disease Program	2017.5465753424658
MH887968	MH887968.1	H.sapiens-wt/NGA/2018/LASV0079-EDO-2017	2017-05-15	Africa	Nigeria			7239	Homo sapiens		2018-10-24	2018-10-24		Siddle,K.J.,Eromon,P.,Barnes,K.G.,Mehta,S.,Oguzie,J.U.,Odia,I.,Schaffner,S.F.,Winnicki,S.M.,Shah,R.R.,Qu,J.,Wohl,S.,Brehio,P.,Iruolagbe,C.,Aiyepada,J.,Uyigue,E.,Akhilomen,P.,Okonofua,G.,Ye,S.,Kayode,T.,Ajogbasile,F.,Uwanibe,J.,Gaye,A.,Momoh,M.,Chak,B.,Kotliar,D.,Carter,A.,Gladden-Young,A.,Freije,C.A.,Omoregie,O.,Osiemi,B.,Muoebonam,E.B.,Airende,M.,Enigbe,R.,Ebo,B.,Nosamiefan,I.,Oluniyi,P.,Nekoui,M.,Ogbaini-Emovon,E.,Garry,R.F.,Andersen,K.G.,Park,D.J.,Yozwiak,N.L.,Akpede,G.,Ihekweazu,C.,Tomori,O.,Okogbenin,S.,Folarin,O.A.,Okokhere,P.O.,MacInnis,B.L.,Sabeti,P.C.,Happi,C.T.,Winnicki,S.,Shah,R.,Yozwiak,N.,Adebayo,A.,Birren,B.W.,Folarin,O.,Okokhere,P.	Siddle et al.	Broad Institute, Infectious Disease Program	2017.368493150685
MH887969	MH887969.1	H.sapiens-wt/NGA/2018/LASV0127-EBONYI-2018	2018-01-13	Africa	Nigeria			7200	Homo sapiens		2018-10-24	2018-10-24		Siddle,K.J.,Eromon,P.,Barnes,K.G.,Mehta,S.,Oguzie,J.U.,Odia,I.,Schaffner,S.F.,Winnicki,S.M.,Shah,R.R.,Qu,J.,Wohl,S.,Brehio,P.,Iruolagbe,C.,Aiyepada,J.,Uyigue,E.,Akhilomen,P.,Okonofua,G.,Ye,S.,Kayode,T.,Ajogbasile,F.,Uwanibe,J.,Gaye,A.,Momoh,M.,Chak,B.,Kotliar,D.,Carter,A.,Gladden-Young,A.,Freije,C.A.,Omoregie,O.,Osiemi,B.,Muoebonam,E.B.,Airende,M.,Enigbe,R.,Ebo,B.,Nosamiefan,I.,Oluniyi,P.,Nekoui,M.,Ogbaini-Emovon,E.,Garry,R.F.,Andersen,K.G.,Park,D.J.,Yozwiak,N.L.,Akpede,G.,Ihekweazu,C.,Tomori,O.,Okogbenin,S.,Folarin,O.A.,Okokhere,P.O.,MacInnis,B.L.,Sabeti,P.C.,Happi,C.T.,Winnicki,S.,Shah,R.,Yozwiak,N.,Adebayo,A.,Birren,B.W.,Folarin,O.,Okokhere,P.	Siddle et al.	Broad Institute, Infectious Disease Program	2018.0342465753424
MH887970	MH887970.1	H.sapiens-wt/NGA/2018/LASV0093-EDO-2017	2017-08-19	Africa	Nigeria			7184	Homo sapiens		2018-10-24	2018-10-24		Siddle,K.J.,Eromon,P.,Barnes,K.G.,Mehta,S.,Oguzie,J.U.,Odia,I.,Schaffner,S.F.,Winnicki,S.M.,Shah,R.R.,Qu,J.,Wohl,S.,Brehio,P.,Iruolagbe,C.,Aiyepada,J.,Uyigue,E.,Akhilomen,P.,Okonofua,G.,Ye,S.,Kayode,T.,Ajogbasile,F.,Uwanibe,J.,Gaye,A.,Momoh,M.,Chak,B.,Kotliar,D.,Carter,A.,Gladden-Young,A.,Freije,C.A.,Omoregie,O.,Osiemi,B.,Muoebonam,E.B.,Airende,M.,Enigbe,R.,Ebo,B.,Nosamiefan,I.,Oluniyi,P.,Nekoui,M.,Ogbaini-Emovon,E.,Garry,R.F.,Andersen,K.G.,Park,D.J.,Yozwiak,N.L.,Akpede,G.,Ihekweazu,C.,Tomori,O.,Okogbenin,S.,Folarin,O.A.,Okokhere,P.O.,MacInnis,B.L.,Sabeti,P.C.,Happi,C.T.,Winnicki,S.,Shah,R.,Yozwiak,N.,Adebayo,A.,Birren,B.W.,Folarin,O.,Okokhere,P.	Siddle et al.	Broad Institute, Infectious Disease Program	2017.631506849315
MH887971	MH887971.1	H.sapiens-wt/NGA/2018/LASV0089-ONDO-2017	2017-07-05	Africa	Nigeria			7232	Homo sapiens		2018-10-24	2018-10-24		Siddle,K.J.,Eromon,P.,Barnes,K.G.,Mehta,S.,Oguzie,J.U.,Odia,I.,Schaffner,S.F.,Winnicki,S.M.,Shah,R.R.,Qu,J.,Wohl,S.,Brehio,P.,Iruolagbe,C.,Aiyepada,J.,Uyigue,E.,Akhilomen,P.,Okonofua,G.,Ye,S.,Kayode,T.,Ajogbasile,F.,Uwanibe,J.,Gaye,A.,Momoh,M.,Chak,B.,Kotliar,D.,Carter,A.,Gladden-Young,A.,Freije,C.A.,Omoregie,O.,Osiemi,B.,Muoebonam,E.B.,Airende,M.,Enigbe,R.,Ebo,B.,Nosamiefan,I.,Oluniyi,P.,Nekoui,M.,Ogbaini-Emovon,E.,Garry,R.F.,Andersen,K.G.,Park,D.J.,Yozwiak,N.L.,Akpede,G.,Ihekweazu,C.,Tomori,O.,Okogbenin,S.,Folarin,O.A.,Okokhere,P.O.,MacInnis,B.L.,Sabeti,P.C.,Happi,C.T.,Winnicki,S.,Shah,R.,Yozwiak,N.,Adebayo,A.,Birren,B.W.,Folarin,O.,Okokhere,P.	Siddle et al.	Broad Institute, Infectious Disease Program	2017.5082191780823
MH887972	MH887972.1	H.sapiens-wt/NGA/2018/LASV0105-ONDO-2017	2017-12-17	Africa	Nigeria			7240	Homo sapiens		2018-10-24	2018-10-24		Siddle,K.J.,Eromon,P.,Barnes,K.G.,Mehta,S.,Oguzie,J.U.,Odia,I.,Schaffner,S.F.,Winnicki,S.M.,Shah,R.R.,Qu,J.,Wohl,S.,Brehio,P.,Iruolagbe,C.,Aiyepada,J.,Uyigue,E.,Akhilomen,P.,Okonofua,G.,Ye,S.,Kayode,T.,Ajogbasile,F.,Uwanibe,J.,Gaye,A.,Momoh,M.,Chak,B.,Kotliar,D.,Carter,A.,Gladden-Young,A.,Freije,C.A.,Omoregie,O.,Osiemi,B.,Muoebonam,E.B.,Airende,M.,Enigbe,R.,Ebo,B.,Nosamiefan,I.,Oluniyi,P.,Nekoui,M.,Ogbaini-Emovon,E.,Garry,R.F.,Andersen,K.G.,Park,D.J.,Yozwiak,N.L.,Akpede,G.,Ihekweazu,C.,Tomori,O.,Okogbenin,S.,Folarin,O.A.,Okokhere,P.O.,MacInnis,B.L.,Sabeti,P.C.,Happi,C.T.,Winnicki,S.,Shah,R.,Yozwiak,N.,Adebayo,A.,Birren,B.W.,Folarin,O.,Okokhere,P.	Siddle et al.	Broad Institute, Infectious Disease Program	2017.9602739726026
MH887974	MH887974.1	H.sapiens-wt/NGA/2018/LASV0102-ONDO-2017	2017-11-26	Africa	Nigeria			7128	Homo sapiens		2018-10-24	2018-10-24		Siddle,K.J.,Eromon,P.,Barnes,K.G.,Mehta,S.,Oguzie,J.U.,Odia,I.,Schaffner,S.F.,Winnicki,S.M.,Shah,R.R.,Qu,J.,Wohl,S.,Brehio,P.,Iruolagbe,C.,Aiyepada,J.,Uyigue,E.,Akhilomen,P.,Okonofua,G.,Ye,S.,Kayode,T.,Ajogbasile,F.,Uwanibe,J.,Gaye,A.,Momoh,M.,Chak,B.,Kotliar,D.,Carter,A.,Gladden-Young,A.,Freije,C.A.,Omoregie,O.,Osiemi,B.,Muoebonam,E.B.,Airende,M.,Enigbe,R.,Ebo,B.,Nosamiefan,I.,Oluniyi,P.,Nekoui,M.,Ogbaini-Emovon,E.,Garry,R.F.,Andersen,K.G.,Park,D.J.,Yozwiak,N.L.,Akpede,G.,Ihekweazu,C.,Tomori,O.,Okogbenin,S.,Folarin,O.A.,Okokhere,P.O.,MacInnis,B.L.,Sabeti,P.C.,Happi,C.T.,Winnicki,S.,Shah,R.,Yozwiak,N.,Adebayo,A.,Birren,B.W.,Folarin,O.,Okokhere,P.	Siddle et al.	Broad Institute, Infectious Disease Program	2017.9027397260274
MH887976	MH887976.1	H.sapiens-wt/NGA/2018/LASV0095-EDO-2017	2017-09-14	Africa	Nigeria			7239	Homo sapiens		2018-10-24	2018-10-24		Siddle,K.J.,Eromon,P.,Barnes,K.G.,Mehta,S.,Oguzie,J.U.,Odia,I.,Schaffner,S.F.,Winnicki,S.M.,Shah,R.R.,Qu,J.,Wohl,S.,Brehio,P.,Iruolagbe,C.,Aiyepada,J.,Uyigue,E.,Akhilomen,P.,Okonofua,G.,Ye,S.,Kayode,T.,Ajogbasile,F.,Uwanibe,J.,Gaye,A.,Momoh,M.,Chak,B.,Kotliar,D.,Carter,A.,Gladden-Young,A.,Freije,C.A.,Omoregie,O.,Osiemi,B.,Muoebonam,E.B.,Airende,M.,Enigbe,R.,Ebo,B.,Nosamiefan,I.,Oluniyi,P.,Nekoui,M.,Ogbaini-Emovon,E.,Garry,R.F.,Andersen,K.G.,Park,D.J.,Yozwiak,N.L.,Akpede,G.,Ihekweazu,C.,Tomori,O.,Okogbenin,S.,Folarin,O.A.,Okokhere,P.O.,MacInnis,B.L.,Sabeti,P.C.,Happi,C.T.,Winnicki,S.,Shah,R.,Yozwiak,N.,Adebayo,A.,Birren,B.W.,Folarin,O.,Okokhere,P.	Siddle et al.	Broad Institute, Infectious Disease Program	2017.7027397260274
MH887981	MH887981.1	H.sapiens-wt/NGA/2018/LASV0106-ONDO-2017	2017-12-17	Africa	Nigeria			7175	Homo sapiens		2018-10-24	2018-10-24		Siddle,K.J.,Eromon,P.,Barnes,K.G.,Mehta,S.,Oguzie,J.U.,Odia,I.,Schaffner,S.F.,Winnicki,S.M.,Shah,R.R.,Qu,J.,Wohl,S.,Brehio,P.,Iruolagbe,C.,Aiyepada,J.,Uyigue,E.,Akhilomen,P.,Okonofua,G.,Ye,S.,Kayode,T.,Ajogbasile,F.,Uwanibe,J.,Gaye,A.,Momoh,M.,Chak,B.,Kotliar,D.,Carter,A.,Gladden-Young,A.,Freije,C.A.,Omoregie,O.,Osiemi,B.,Muoebonam,E.B.,Airende,M.,Enigbe,R.,Ebo,B.,Nosamiefan,I.,Oluniyi,P.,Nekoui,M.,Ogbaini-Emovon,E.,Garry,R.F.,Andersen,K.G.,Park,D.J.,Yozwiak,N.L.,Akpede,G.,Ihekweazu,C.,Tomori,O.,Okogbenin,S.,Folarin,O.A.,Okokhere,P.O.,MacInnis,B.L.,Sabeti,P.C.,Happi,C.T.,Winnicki,S.,Shah,R.,Yozwiak,N.,Adebayo,A.,Birren,B.W.,Folarin,O.,Okokhere,P.	Siddle et al.	Broad Institute, Infectious Disease Program	2017.9602739726026
MH887984	MH887984.1	H.sapiens-wt/NGA/2018/LASV0074-EDO-2017	2017-03-12	Africa	Nigeria			7140	Homo sapiens		2018-10-24	2018-10-24		Siddle,K.J.,Eromon,P.,Barnes,K.G.,Mehta,S.,Oguzie,J.U.,Odia,I.,Schaffner,S.F.,Winnicki,S.M.,Shah,R.R.,Qu,J.,Wohl,S.,Brehio,P.,Iruolagbe,C.,Aiyepada,J.,Uyigue,E.,Akhilomen,P.,Okonofua,G.,Ye,S.,Kayode,T.,Ajogbasile,F.,Uwanibe,J.,Gaye,A.,Momoh,M.,Chak,B.,Kotliar,D.,Carter,A.,Gladden-Young,A.,Freije,C.A.,Omoregie,O.,Osiemi,B.,Muoebonam,E.B.,Airende,M.,Enigbe,R.,Ebo,B.,Nosamiefan,I.,Oluniyi,P.,Nekoui,M.,Ogbaini-Emovon,E.,Garry,R.F.,Andersen,K.G.,Park,D.J.,Yozwiak,N.L.,Akpede,G.,Ihekweazu,C.,Tomori,O.,Okogbenin,S.,Folarin,O.A.,Okokhere,P.O.,MacInnis,B.L.,Sabeti,P.C.,Happi,C.T.,Winnicki,S.,Shah,R.,Yozwiak,N.,Adebayo,A.,Birren,B.W.,Folarin,O.,Okokhere,P.	Siddle et al.	Broad Institute, Infectious Disease Program	2017.1931506849314
MH887987	MH887987.1	H.sapiens-wt/NGA/2018/LASV0160-KOGI-2018	2018-02-06	Africa	Nigeria			7105	Homo sapiens		2018-10-24	2018-10-24		Siddle,K.J.,Eromon,P.,Barnes,K.G.,Mehta,S.,Oguzie,J.U.,Odia,I.,Schaffner,S.F.,Winnicki,S.M.,Shah,R.R.,Qu,J.,Wohl,S.,Brehio,P.,Iruolagbe,C.,Aiyepada,J.,Uyigue,E.,Akhilomen,P.,Okonofua,G.,Ye,S.,Kayode,T.,Ajogbasile,F.,Uwanibe,J.,Gaye,A.,Momoh,M.,Chak,B.,Kotliar,D.,Carter,A.,Gladden-Young,A.,Freije,C.A.,Omoregie,O.,Osiemi,B.,Muoebonam,E.B.,Airende,M.,Enigbe,R.,Ebo,B.,Nosamiefan,I.,Oluniyi,P.,Nekoui,M.,Ogbaini-Emovon,E.,Garry,R.F.,Andersen,K.G.,Park,D.J.,Yozwiak,N.L.,Akpede,G.,Ihekweazu,C.,Tomori,O.,Okogbenin,S.,Folarin,O.A.,Okokhere,P.O.,MacInnis,B.L.,Sabeti,P.C.,Happi,C.T.,Winnicki,S.,Shah,R.,Yozwiak,N.,Adebayo,A.,Birren,B.W.,Folarin,O.,Okokhere,P.	Siddle et al.	Broad Institute, Infectious Disease Program	2018.1
MH887991	MH887991.1	H.sapiens-wt/NGA/2018/LASV0094-KOGI-2017	2017-09-02	Africa	Nigeria			7241	Homo sapiens		2018-10-24	2018-10-24		Siddle,K.J.,Eromon,P.,Barnes,K.G.,Mehta,S.,Oguzie,J.U.,Odia,I.,Schaffner,S.F.,Winnicki,S.M.,Shah,R.R.,Qu,J.,Wohl,S.,Brehio,P.,Iruolagbe,C.,Aiyepada,J.,Uyigue,E.,Akhilomen,P.,Okonofua,G.,Ye,S.,Kayode,T.,Ajogbasile,F.,Uwanibe,J.,Gaye,A.,Momoh,M.,Chak,B.,Kotliar,D.,Carter,A.,Gladden-Young,A.,Freije,C.A.,Omoregie,O.,Osiemi,B.,Muoebonam,E.B.,Airende,M.,Enigbe,R.,Ebo,B.,Nosamiefan,I.,Oluniyi,P.,Nekoui,M.,Ogbaini-Emovon,E.,Garry,R.F.,Andersen,K.G.,Park,D.J.,Yozwiak,N.L.,Akpede,G.,Ihekweazu,C.,Tomori,O.,Okogbenin,S.,Folarin,O.A.,Okokhere,P.O.,MacInnis,B.L.,Sabeti,P.C.,Happi,C.T.,Winnicki,S.,Shah,R.,Yozwiak,N.,Adebayo,A.,Birren,B.W.,Folarin,O.,Okokhere,P.	Siddle et al.	Broad Institute, Infectious Disease Program	2017.6698630136987
MH887995	MH887995.1	H.sapiens-wt/NGA/2018/LASV0076-EDO-2017	2017-03-16	Africa	Nigeria			7220	Homo sapiens		2018-10-24	2018-10-24		Siddle,K.J.,Eromon,P.,Barnes,K.G.,Mehta,S.,Oguzie,J.U.,Odia,I.,Schaffner,S.F.,Winnicki,S.M.,Shah,R.R.,Qu,J.,Wohl,S.,Brehio,P.,Iruolagbe,C.,Aiyepada,J.,Uyigue,E.,Akhilomen,P.,Okonofua,G.,Ye,S.,Kayode,T.,Ajogbasile,F.,Uwanibe,J.,Gaye,A.,Momoh,M.,Chak,B.,Kotliar,D.,Carter,A.,Gladden-Young,A.,Freije,C.A.,Omoregie,O.,Osiemi,B.,Muoebonam,E.B.,Airende,M.,Enigbe,R.,Ebo,B.,Nosamiefan,I.,Oluniyi,P.,Nekoui,M.,Ogbaini-Emovon,E.,Garry,R.F.,Andersen,K.G.,Park,D.J.,Yozwiak,N.L.,Akpede,G.,Ihekweazu,C.,Tomori,O.,Okogbenin,S.,Folarin,O.A.,Okokhere,P.O.,MacInnis,B.L.,Sabeti,P.C.,Happi,C.T.,Winnicki,S.,Shah,R.,Yozwiak,N.,Adebayo,A.,Birren,B.W.,Folarin,O.,Okokhere,P.	Siddle et al.	Broad Institute, Infectious Disease Program	2017.204109589041
MH887996	MH887996.1	H.sapiens-wt/NGA/2018/LASV0082-EDO-2017	2017-06-07	Africa	Nigeria			7190	Homo sapiens		2018-10-24	2018-10-24		Siddle,K.J.,Eromon,P.,Barnes,K.G.,Mehta,S.,Oguzie,J.U.,Odia,I.,Schaffner,S.F.,Winnicki,S.M.,Shah,R.R.,Qu,J.,Wohl,S.,Brehio,P.,Iruolagbe,C.,Aiyepada,J.,Uyigue,E.,Akhilomen,P.,Okonofua,G.,Ye,S.,Kayode,T.,Ajogbasile,F.,Uwanibe,J.,Gaye,A.,Momoh,M.,Chak,B.,Kotliar,D.,Carter,A.,Gladden-Young,A.,Freije,C.A.,Omoregie,O.,Osiemi,B.,Muoebonam,E.B.,Airende,M.,Enigbe,R.,Ebo,B.,Nosamiefan,I.,Oluniyi,P.,Nekoui,M.,Ogbaini-Emovon,E.,Garry,R.F.,Andersen,K.G.,Park,D.J.,Yozwiak,N.L.,Akpede,G.,Ihekweazu,C.,Tomori,O.,Okogbenin,S.,Folarin,O.A.,Okokhere,P.O.,MacInnis,B.L.,Sabeti,P.C.,Happi,C.T.,Winnicki,S.,Shah,R.,Yozwiak,N.,Adebayo,A.,Birren,B.W.,Folarin,O.,Okokhere,P.	Siddle et al.	Broad Institute, Infectious Disease Program	2017.4315068493152
MH887997	MH887997.1	H.sapiens-wt/NGA/2018/LASV0159-KOGI-2018	2018-02-06	Africa	Nigeria			7225	Homo sapiens		2018-10-24	2018-10-24		Siddle,K.J.,Eromon,P.,Barnes,K.G.,Mehta,S.,Oguzie,J.U.,Odia,I.,Schaffner,S.F.,Winnicki,S.M.,Shah,R.R.,Qu,J.,Wohl,S.,Brehio,P.,Iruolagbe,C.,Aiyepada,J.,Uyigue,E.,Akhilomen,P.,Okonofua,G.,Ye,S.,Kayode,T.,Ajogbasile,F.,Uwanibe,J.,Gaye,A.,Momoh,M.,Chak,B.,Kotliar,D.,Carter,A.,Gladden-Young,A.,Freije,C.A.,Omoregie,O.,Osiemi,B.,Muoebonam,E.B.,Airende,M.,Enigbe,R.,Ebo,B.,Nosamiefan,I.,Oluniyi,P.,Nekoui,M.,Ogbaini-Emovon,E.,Garry,R.F.,Andersen,K.G.,Park,D.J.,Yozwiak,N.L.,Akpede,G.,Ihekweazu,C.,Tomori,O.,Okogbenin,S.,Folarin,O.A.,Okokhere,P.O.,MacInnis,B.L.,Sabeti,P.C.,Happi,C.T.,Winnicki,S.,Shah,R.,Yozwiak,N.,Adebayo,A.,Birren,B.W.,Folarin,O.,Okokhere,P.	Siddle et al.	Broad Institute, Infectious Disease Program	2018.1
MH887999	MH887999.1	H.sapiens-wt/NGA/2018/LASV0081-EDO-2017	2017-06-05	Africa	Nigeria			7173	Homo sapiens		2018-10-24	2018-10-24		Siddle,K.J.,Eromon,P.,Barnes,K.G.,Mehta,S.,Oguzie,J.U.,Odia,I.,Schaffner,S.F.,Winnicki,S.M.,Shah,R.R.,Qu,J.,Wohl,S.,Brehio,P.,Iruolagbe,C.,Aiyepada,J.,Uyigue,E.,Akhilomen,P.,Okonofua,G.,Ye,S.,Kayode,T.,Ajogbasile,F.,Uwanibe,J.,Gaye,A.,Momoh,M.,Chak,B.,Kotliar,D.,Carter,A.,Gladden-Young,A.,Freije,C.A.,Omoregie,O.,Osiemi,B.,Muoebonam,E.B.,Airende,M.,Enigbe,R.,Ebo,B.,Nosamiefan,I.,Oluniyi,P.,Nekoui,M.,Ogbaini-Emovon,E.,Garry,R.F.,Andersen,K.G.,Park,D.J.,Yozwiak,N.L.,Akpede,G.,Ihekweazu,C.,Tomori,O.,Okogbenin,S.,Folarin,O.A.,Okokhere,P.O.,MacInnis,B.L.,Sabeti,P.C.,Happi,C.T.,Winnicki,S.,Shah,R.,Yozwiak,N.,Adebayo,A.,Birren,B.W.,Folarin,O.,Okokhere,P.	Siddle et al.	Broad Institute, Infectious Disease Program	2017.4260273972602
MH888000	MH888000.1	H.sapiens-wt/NGA/2018/LASV0214-KOGI-2018	2018-03-18	Africa	Nigeria			7135	Homo sapiens		2018-10-24	2018-10-24		Siddle,K.J.,Eromon,P.,Barnes,K.G.,Mehta,S.,Oguzie,J.U.,Odia,I.,Schaffner,S.F.,Winnicki,S.M.,Shah,R.R.,Qu,J.,Wohl,S.,Brehio,P.,Iruolagbe,C.,Aiyepada,J.,Uyigue,E.,Akhilomen,P.,Okonofua,G.,Ye,S.,Kayode,T.,Ajogbasile,F.,Uwanibe,J.,Gaye,A.,Momoh,M.,Chak,B.,Kotliar,D.,Carter,A.,Gladden-Young,A.,Freije,C.A.,Omoregie,O.,Osiemi,B.,Muoebonam,E.B.,Airende,M.,Enigbe,R.,Ebo,B.,Nosamiefan,I.,Oluniyi,P.,Nekoui,M.,Ogbaini-Emovon,E.,Garry,R.F.,Andersen,K.G.,Park,D.J.,Yozwiak,N.L.,Akpede,G.,Ihekweazu,C.,Tomori,O.,Okogbenin,S.,Folarin,O.A.,Okokhere,P.O.,MacInnis,B.L.,Sabeti,P.C.,Happi,C.T.,Winnicki,S.,Shah,R.,Yozwiak,N.,Adebayo,A.,Birren,B.W.,Folarin,O.,Okokhere,P.	Siddle et al.	Broad Institute, Infectious Disease Program	2018.2095890410958
MH888002	MH888002.1	H.sapiens-wt/NGA/2018/LASV0069-EDO-2017	2017-02-07	Africa	Nigeria			7188	Homo sapiens		2018-10-24	2018-10-24		Siddle,K.J.,Eromon,P.,Barnes,K.G.,Mehta,S.,Oguzie,J.U.,Odia,I.,Schaffner,S.F.,Winnicki,S.M.,Shah,R.R.,Qu,J.,Wohl,S.,Brehio,P.,Iruolagbe,C.,Aiyepada,J.,Uyigue,E.,Akhilomen,P.,Okonofua,G.,Ye,S.,Kayode,T.,Ajogbasile,F.,Uwanibe,J.,Gaye,A.,Momoh,M.,Chak,B.,Kotliar,D.,Carter,A.,Gladden-Young,A.,Freije,C.A.,Omoregie,O.,Osiemi,B.,Muoebonam,E.B.,Airende,M.,Enigbe,R.,Ebo,B.,Nosamiefan,I.,Oluniyi,P.,Nekoui,M.,Ogbaini-Emovon,E.,Garry,R.F.,Andersen,K.G.,Park,D.J.,Yozwiak,N.L.,Akpede,G.,Ihekweazu,C.,Tomori,O.,Okogbenin,S.,Folarin,O.A.,Okokhere,P.O.,MacInnis,B.L.,Sabeti,P.C.,Happi,C.T.,Winnicki,S.,Shah,R.,Yozwiak,N.,Adebayo,A.,Birren,B.W.,Folarin,O.,Okokhere,P.	Siddle et al.	Broad Institute, Infectious Disease Program	2017.1027397260275
MH888004	MH888004.1	H.sapiens-wt/NGA/2018/LASV0073-EDO-2017	2017-03-07	Africa	Nigeria			7211	Homo sapiens		2018-10-24	2018-10-24		Siddle,K.J.,Eromon,P.,Barnes,K.G.,Mehta,S.,Oguzie,J.U.,Odia,I.,Schaffner,S.F.,Winnicki,S.M.,Shah,R.R.,Qu,J.,Wohl,S.,Brehio,P.,Iruolagbe,C.,Aiyepada,J.,Uyigue,E.,Akhilomen,P.,Okonofua,G.,Ye,S.,Kayode,T.,Ajogbasile,F.,Uwanibe,J.,Gaye,A.,Momoh,M.,Chak,B.,Kotliar,D.,Carter,A.,Gladden-Young,A.,Freije,C.A.,Omoregie,O.,Osiemi,B.,Muoebonam,E.B.,Airende,M.,Enigbe,R.,Ebo,B.,Nosamiefan,I.,Oluniyi,P.,Nekoui,M.,Ogbaini-Emovon,E.,Garry,R.F.,Andersen,K.G.,Park,D.J.,Yozwiak,N.L.,Akpede,G.,Ihekweazu,C.,Tomori,O.,Okogbenin,S.,Folarin,O.A.,Okokhere,P.O.,MacInnis,B.L.,Sabeti,P.C.,Happi,C.T.,Winnicki,S.,Shah,R.,Yozwiak,N.,Adebayo,A.,Birren,B.W.,Folarin,O.,Okokhere,P.	Siddle et al.	Broad Institute, Infectious Disease Program	2017.1794520547944
MH888008	MH888008.1	H.sapiens-wt/NGA/2018/LASV0097-EDO-2017	2017-10-06	Africa	Nigeria			7239	Homo sapiens		2018-10-24	2018-10-24		Siddle,K.J.,Eromon,P.,Barnes,K.G.,Mehta,S.,Oguzie,J.U.,Odia,I.,Schaffner,S.F.,Winnicki,S.M.,Shah,R.R.,Qu,J.,Wohl,S.,Brehio,P.,Iruolagbe,C.,Aiyepada,J.,Uyigue,E.,Akhilomen,P.,Okonofua,G.,Ye,S.,Kayode,T.,Ajogbasile,F.,Uwanibe,J.,Gaye,A.,Momoh,M.,Chak,B.,Kotliar,D.,Carter,A.,Gladden-Young,A.,Freije,C.A.,Omoregie,O.,Osiemi,B.,Muoebonam,E.B.,Airende,M.,Enigbe,R.,Ebo,B.,Nosamiefan,I.,Oluniyi,P.,Nekoui,M.,Ogbaini-Emovon,E.,Garry,R.F.,Andersen,K.G.,Park,D.J.,Yozwiak,N.L.,Akpede,G.,Ihekweazu,C.,Tomori,O.,Okogbenin,S.,Folarin,O.A.,Okokhere,P.O.,MacInnis,B.L.,Sabeti,P.C.,Happi,C.T.,Winnicki,S.,Shah,R.,Yozwiak,N.,Adebayo,A.,Birren,B.W.,Folarin,O.,Okokhere,P.	Siddle et al.	Broad Institute, Infectious Disease Program	2017.7630136986302
MK107842	MK107842.1	LASV/H.sapiens-tc/NGA/2011/IRR_001	2011-08-02	Africa	Nigeria	Ondo State		7227	Homo sapiens		2018-12-10	2018-12-10		Ehichioya,D.U.,Lemey,P.,Kafetzopoulou,L.E.,Rieger,T.,Cadar,D.,Duraffour,S.,Ogbaini-Emovon,E.,Okogbenin,S.,Asogun,D.,Gunther,S.	Ehichioya et al.	Bernhard-Nocht-Institute for Tropical Medicine, Department of Virology	2011.5849315068492
MK107843	MK107843.1	LASV/H.sapiens-tc/NGA/2012/IRR_010	2012-05-28	Africa	Nigeria	Delta		7222	Homo sapiens		2018-12-10	2018-12-10		Ehichioya,D.U.,Lemey,P.,Kafetzopoulou,L.E.,Rieger,T.,Cadar,D.,Duraffour,S.,Ogbaini-Emovon,E.,Okogbenin,S.,Asogun,D.,Gunther,S.	Ehichioya et al.	Bernhard-Nocht-Institute for Tropical Medicine, Department of Virology	2012.405737704918
MK107844	MK107844.1	LASV/H.sapiens-tc/NGA/2013/IRR_014	2013-11-23	Africa	Nigeria	Bauchi		7226	Homo sapiens		2018-12-10	2018-12-10		Ehichioya,D.U.,Lemey,P.,Kafetzopoulou,L.E.,Rieger,T.,Cadar,D.,Duraffour,S.,Ogbaini-Emovon,E.,Okogbenin,S.,Asogun,D.,Gunther,S.	Ehichioya et al.	Bernhard-Nocht-Institute for Tropical Medicine, Department of Virology	2013.8945205479451
MK107845	MK107845.1	LASV/H.sapiens-tc/NGA/2013/IRR_016	2013-12-08	Africa	Nigeria	Bauchi		7235	Homo sapiens		2018-12-10	2018-12-10		Ehichioya,D.U.,Lemey,P.,Kafetzopoulou,L.E.,Rieger,T.,Cadar,D.,Duraffour,S.,Ogbaini-Emovon,E.,Okogbenin,S.,Asogun,D.,Gunther,S.	Ehichioya et al.	Bernhard-Nocht-Institute for Tropical Medicine, Department of Virology	2013.9356164383562
MK107846	MK107846.1	LASV/H.sapiens-tc/NGA/2013/IRR_008	2013-03-06	Africa	Nigeria	Taraba		7157	Homo sapiens		2018-12-10	2018-12-10		Ehichioya,D.U.,Lemey,P.,Kafetzopoulou,L.E.,Rieger,T.,Cadar,D.,Duraffour,S.,Ogbaini-Emovon,E.,Okogbenin,S.,Asogun,D.,Gunther,S.	Ehichioya et al.	Bernhard-Nocht-Institute for Tropical Medicine, Department of Virology	2013.176712328767
MK107847	MK107847.1	LASV/H.sapiens-tc/NGA/2014/IRR_005	2014-05-14	Africa	Nigeria	Ebonyi		7258	Homo sapiens		2018-12-10	2018-12-10		Ehichioya,D.U.,Lemey,P.,Kafetzopoulou,L.E.,Rieger,T.,Cadar,D.,Duraffour,S.,Ogbaini-Emovon,E.,Okogbenin,S.,Asogun,D.,Gunther,S.	Ehichioya et al.	Bernhard-Nocht-Institute for Tropical Medicine, Department of Virology	2014.3657534246574
MK107848	MK107848.1	LASV/H.sapiens-tc/NGA/2014/IRR_006	2014-05-14	Africa	Nigeria	Ebonyi		7258	Homo sapiens		2018-12-10	2018-12-10		Ehichioya,D.U.,Lemey,P.,Kafetzopoulou,L.E.,Rieger,T.,Cadar,D.,Duraffour,S.,Ogbaini-Emovon,E.,Okogbenin,S.,Asogun,D.,Gunther,S.	Ehichioya et al.	Bernhard-Nocht-Institute for Tropical Medicine, Department of Virology	2014.3657534246574
MK107849	MK107849.1	LASV/H.sapiens-tc/NGA/2014/IRR_007	2014-05-14	Africa	Nigeria	Ebonyi		7258	Homo sapiens		2018-12-10	2018-12-10		Ehichioya,D.U.,Lemey,P.,Kafetzopoulou,L.E.,Rieger,T.,Cadar,D.,Duraffour,S.,Ogbaini-Emovon,E.,Okogbenin,S.,Asogun,D.,Gunther,S.	Ehichioya et al.	Bernhard-Nocht-Institute for Tropical Medicine, Department of Virology	2014.3657534246574
MK107850	MK107850.1	LASV/H.sapiens-tc/NGA/2014/IRR_008	2014-05-15	Africa	Nigeria	Ebonyi		7258	Homo sapiens		2018-12-10	2018-12-10		Ehichioya,D.U.,Lemey,P.,Kafetzopoulou,L.E.,Rieger,T.,Cadar,D.,Duraffour,S.,Ogbaini-Emovon,E.,Okogbenin,S.,Asogun,D.,Gunther,S.	Ehichioya et al.	Bernhard-Nocht-Institute for Tropical Medicine, Department of Virology	2014.368493150685
MK107851	MK107851.1	LASV/H.sapiens-tc/NGA/2014/IRR_009	2014-05-17	Africa	Nigeria	Ebonyi		7258	Homo sapiens		2018-12-10	2018-12-10		Ehichioya,D.U.,Lemey,P.,Kafetzopoulou,L.E.,Rieger,T.,Cadar,D.,Duraffour,S.,Ogbaini-Emovon,E.,Okogbenin,S.,Asogun,D.,Gunther,S.	Ehichioya et al.	Bernhard-Nocht-Institute for Tropical Medicine, Department of Virology	2014.3739726027397
MK107853	MK107853.1	LASV/H.sapiens-tc/NGA/2014/IRR_011	2014-08-01	Africa	Nigeria	Ondo State		7253	Homo sapiens		2018-12-10	2018-12-10		Ehichioya,D.U.,Lemey,P.,Kafetzopoulou,L.E.,Rieger,T.,Cadar,D.,Duraffour,S.,Ogbaini-Emovon,E.,Okogbenin,S.,Asogun,D.,Gunther,S.	Ehichioya et al.	Bernhard-Nocht-Institute for Tropical Medicine, Department of Virology	2014.5821917808219
MK107854	MK107854.1	LASV/H.sapiens-tc/NGA/2014/IRR_012	2014-08-10	Africa	Nigeria	Ondo State		7249	Homo sapiens		2018-12-10	2018-12-10		Ehichioya,D.U.,Lemey,P.,Kafetzopoulou,L.E.,Rieger,T.,Cadar,D.,Duraffour,S.,Ogbaini-Emovon,E.,Okogbenin,S.,Asogun,D.,Gunther,S.	Ehichioya et al.	Bernhard-Nocht-Institute for Tropical Medicine, Department of Virology	2014.6068493150685
MK107855	MK107855.1	LASV/H.sapiens-tc/NGA/2014/IRR_002	2014-01-20	Africa	Nigeria	Nasarawa State		7221	Homo sapiens		2018-12-10	2018-12-10		Ehichioya,D.U.,Lemey,P.,Kafetzopoulou,L.E.,Rieger,T.,Cadar,D.,Duraffour,S.,Ogbaini-Emovon,E.,Okogbenin,S.,Asogun,D.,Gunther,S.	Ehichioya et al.	Bernhard-Nocht-Institute for Tropical Medicine, Department of Virology	2014.0534246575342
MK107856	MK107856.1	LASV/H.sapiens-tc/NGA/2015/IRR_009	2015-04-25	Africa	Nigeria	Bauchi		7237	Homo sapiens		2018-12-10	2018-12-10		Ehichioya,D.U.,Lemey,P.,Kafetzopoulou,L.E.,Rieger,T.,Cadar,D.,Duraffour,S.,Ogbaini-Emovon,E.,Okogbenin,S.,Asogun,D.,Gunther,S.	Ehichioya et al.	Bernhard-Nocht-Institute for Tropical Medicine, Department of Virology	2015.313698630137
MK107857	MK107857.1	LASV/H.sapiens-tc/NGA/2015/IRR_008	2015-04-10	Africa	Nigeria	Bauchi		7255	Homo sapiens		2018-12-10	2018-12-10		Ehichioya,D.U.,Lemey,P.,Kafetzopoulou,L.E.,Rieger,T.,Cadar,D.,Duraffour,S.,Ogbaini-Emovon,E.,Okogbenin,S.,Asogun,D.,Gunther,S.	Ehichioya et al.	Bernhard-Nocht-Institute for Tropical Medicine, Department of Virology	2015.272602739726
MK107858	MK107858.1	LASV/H.sapiens-tc/NGA/2015/IRR_010	2015-07-02	Africa	Nigeria	Kogi		7239	Homo sapiens		2018-12-10	2018-12-10		Ehichioya,D.U.,Lemey,P.,Kafetzopoulou,L.E.,Rieger,T.,Cadar,D.,Duraffour,S.,Ogbaini-Emovon,E.,Okogbenin,S.,Asogun,D.,Gunther,S.	Ehichioya et al.	Bernhard-Nocht-Institute for Tropical Medicine, Department of Virology	2015.5
MK107859	MK107859.1	LASV/H.sapiens-tc/NGA/2015/IRR_014	2015-12-30	Africa	Nigeria	Nasarawa State		7221	Homo sapiens		2018-12-10	2018-12-10		Ehichioya,D.U.,Lemey,P.,Kafetzopoulou,L.E.,Rieger,T.,Cadar,D.,Duraffour,S.,Ogbaini-Emovon,E.,Okogbenin,S.,Asogun,D.,Gunther,S.	Ehichioya et al.	Bernhard-Nocht-Institute for Tropical Medicine, Department of Virology	2015.995890410959
MK107860	MK107860.1	LASV/H.sapiens-tc/NGA/2015/IRR_011	2015-09-16	Africa	Nigeria	Ondo State		7209	Homo sapiens		2018-12-10	2018-12-10		Ehichioya,D.U.,Lemey,P.,Kafetzopoulou,L.E.,Rieger,T.,Cadar,D.,Duraffour,S.,Ogbaini-Emovon,E.,Okogbenin,S.,Asogun,D.,Gunther,S.	Ehichioya et al.	Bernhard-Nocht-Institute for Tropical Medicine, Department of Virology	2015.7082191780821
MK107861	MK107861.1	LASV/H.sapiens-tc/NGA/2015/IRR_012	2015-11-06	Africa	Nigeria	Ondo State		7226	Homo sapiens		2018-12-10	2018-12-10		Ehichioya,D.U.,Lemey,P.,Kafetzopoulou,L.E.,Rieger,T.,Cadar,D.,Duraffour,S.,Ogbaini-Emovon,E.,Okogbenin,S.,Asogun,D.,Gunther,S.	Ehichioya et al.	Bernhard-Nocht-Institute for Tropical Medicine, Department of Virology	2015.8479452054794
MK107864	MK107864.1	LASV/H.sapiens-tc/NGA/2016/IRR_019	2016-02-12	Africa	Nigeria	Bauchi		7196	Homo sapiens		2018-12-10	2018-12-10		Ehichioya,D.U.,Lemey,P.,Kafetzopoulou,L.E.,Rieger,T.,Cadar,D.,Duraffour,S.,Ogbaini-Emovon,E.,Okogbenin,S.,Asogun,D.,Gunther,S.	Ehichioya et al.	Bernhard-Nocht-Institute for Tropical Medicine, Department of Virology	2016.1161202185792
MK107867	MK107867.1	LASV/H.sapiens-tc/NGA/2016/IRR_007	2016-01-18	Africa	Nigeria	Cross River State		7299	Homo sapiens		2018-12-10	2018-12-10		Ehichioya,D.U.,Lemey,P.,Kafetzopoulou,L.E.,Rieger,T.,Cadar,D.,Duraffour,S.,Ogbaini-Emovon,E.,Okogbenin,S.,Asogun,D.,Gunther,S.	Ehichioya et al.	Bernhard-Nocht-Institute for Tropical Medicine, Department of Virology	2016.0478142076502
MK107872	MK107872.1	LASV/H.sapiens-tc/NGA/2016/IRR_006	2016-01-14	Africa	Nigeria	Ekiti State		7426	Homo sapiens		2018-12-10	2018-12-10		Ehichioya,D.U.,Lemey,P.,Kafetzopoulou,L.E.,Rieger,T.,Cadar,D.,Duraffour,S.,Ogbaini-Emovon,E.,Okogbenin,S.,Asogun,D.,Gunther,S.	Ehichioya et al.	Bernhard-Nocht-Institute for Tropical Medicine, Department of Virology	2016.0368852459017
MK107877	MK107877.1	LASV/H.sapiens-tc/NGA/2016/IRR_011	2016-01-24	Africa	Nigeria	Nasarawa State		7221	Homo sapiens		2018-12-10	2018-12-10		Ehichioya,D.U.,Lemey,P.,Kafetzopoulou,L.E.,Rieger,T.,Cadar,D.,Duraffour,S.,Ogbaini-Emovon,E.,Okogbenin,S.,Asogun,D.,Gunther,S.	Ehichioya et al.	Bernhard-Nocht-Institute for Tropical Medicine, Department of Virology	2016.0642076502731
MK107878	MK107878.1	LASV/H.sapiens-tc/NGA/2016/IRR_015	2016-02-03	Africa	Nigeria	Nasarawa State		7221	Homo sapiens		2018-12-10	2018-12-10		Ehichioya,D.U.,Lemey,P.,Kafetzopoulou,L.E.,Rieger,T.,Cadar,D.,Duraffour,S.,Ogbaini-Emovon,E.,Okogbenin,S.,Asogun,D.,Gunther,S.	Ehichioya et al.	Bernhard-Nocht-Institute for Tropical Medicine, Department of Virology	2016.0915300546449
MK107879	MK107879.1	LASV/H.sapiens-tc/NGA/2016/IRR_032	2016-03-13	Africa	Nigeria	Nasarawa State		7214	Homo sapiens		2018-12-10	2018-12-10		Ehichioya,D.U.,Lemey,P.,Kafetzopoulou,L.E.,Rieger,T.,Cadar,D.,Duraffour,S.,Ogbaini-Emovon,E.,Okogbenin,S.,Asogun,D.,Gunther,S.	Ehichioya et al.	Bernhard-Nocht-Institute for Tropical Medicine, Department of Virology	2016.198087431694
MK107883	MK107883.1	LASV/H.sapiens-tc/NGA/2016/IRR_029	2016-03-01	Africa	Nigeria	Ondo State		7190	Homo sapiens		2018-12-10	2018-12-10		Ehichioya,D.U.,Lemey,P.,Kafetzopoulou,L.E.,Rieger,T.,Cadar,D.,Duraffour,S.,Ogbaini-Emovon,E.,Okogbenin,S.,Asogun,D.,Gunther,S.	Ehichioya et al.	Bernhard-Nocht-Institute for Tropical Medicine, Department of Virology	2016.1653005464482
MK107890	MK107890.1	LASV/H.sapiens-tc/NGA/2012/IRR_001	2012-02-08	Africa	Nigeria	Tararba		7226	Homo sapiens		2018-12-10	2018-12-10		Ehichioya,D.U.,Lemey,P.,Kafetzopoulou,L.E.,Rieger,T.,Cadar,D.,Duraffour,S.,Ogbaini-Emovon,E.,Okogbenin,S.,Asogun,D.,Gunther,S.	Ehichioya et al.	Bernhard-Nocht-Institute for Tropical Medicine, Department of Virology	2012.1051912568305
MK107891	MK107891.1	LASV/H.sapiens-tc/NGA/2012/IRR_002	2012-02-10	Africa	Nigeria	Tararba		7109	Homo sapiens		2018-12-10	2018-12-10		Ehichioya,D.U.,Lemey,P.,Kafetzopoulou,L.E.,Rieger,T.,Cadar,D.,Duraffour,S.,Ogbaini-Emovon,E.,Okogbenin,S.,Asogun,D.,Gunther,S.	Ehichioya et al.	Bernhard-Nocht-Institute for Tropical Medicine, Department of Virology	2012.110655737705
MK107892	MK107892.1	LASV/H.sapiens-tc/NGA/2012/IRR_003	2012-02-10	Africa	Nigeria	Tararba		7141	Homo sapiens		2018-12-10	2018-12-10		Ehichioya,D.U.,Lemey,P.,Kafetzopoulou,L.E.,Rieger,T.,Cadar,D.,Duraffour,S.,Ogbaini-Emovon,E.,Okogbenin,S.,Asogun,D.,Gunther,S.	Ehichioya et al.	Bernhard-Nocht-Institute for Tropical Medicine, Department of Virology	2012.110655737705
MK107893	MK107893.1	LASV/H.sapiens-tc/NGA/2013/IRR_005	2013-01-25	Africa	Nigeria	Ebonyi		7258	Homo sapiens		2018-12-10	2018-12-10		Ehichioya,D.U.,Lemey,P.,Kafetzopoulou,L.E.,Rieger,T.,Cadar,D.,Duraffour,S.,Ogbaini-Emovon,E.,Okogbenin,S.,Asogun,D.,Gunther,S.	Ehichioya et al.	Bernhard-Nocht-Institute for Tropical Medicine, Department of Virology	2013.0671232876712
MK107894	MK107894.1	LASV/H.sapiens-tc/NGA/2013/IRR_007	2013-02-03	Africa	Nigeria	Enugu		7249	Homo sapiens		2018-12-10	2018-12-10		Ehichioya,D.U.,Lemey,P.,Kafetzopoulou,L.E.,Rieger,T.,Cadar,D.,Duraffour,S.,Ogbaini-Emovon,E.,Okogbenin,S.,Asogun,D.,Gunther,S.	Ehichioya et al.	Bernhard-Nocht-Institute for Tropical Medicine, Department of Virology	2013.0917808219178
MK107895	MK107895.1	LASV/H.sapiens-tc/NGA/2013/IRR_001	2013-01-16	Africa	Nigeria	Ondo State		7225	Homo sapiens		2018-12-10	2018-12-10		Ehichioya,D.U.,Lemey,P.,Kafetzopoulou,L.E.,Rieger,T.,Cadar,D.,Duraffour,S.,Ogbaini-Emovon,E.,Okogbenin,S.,Asogun,D.,Gunther,S.	Ehichioya et al.	Bernhard-Nocht-Institute for Tropical Medicine, Department of Virology	2013.0424657534247
MK107896	MK107896.1	LASV/H.sapiens-tc/NGA/2013/IRR_006	2013-01-30	Africa	Nigeria	Ondo State		7238	Homo sapiens		2018-12-10	2018-12-10		Ehichioya,D.U.,Lemey,P.,Kafetzopoulou,L.E.,Rieger,T.,Cadar,D.,Duraffour,S.,Ogbaini-Emovon,E.,Okogbenin,S.,Asogun,D.,Gunther,S.	Ehichioya et al.	Bernhard-Nocht-Institute for Tropical Medicine, Department of Virology	2013.0808219178082
MK117826	MK117826.1	LASV/H.sapiens-wt/NGA/2014/IRR_001	2014-01-25	Africa	Nigeria	Edo		7160	Homo sapiens		2018-12-10	2018-12-10		Kafetzopoulou,L.E.,Pullan,S.T.,Lemey,P.,Suchard,M.A.,Ehichioya,D.U.,Pahlmann,M.,Thielebein,A.,Hinzmann,J.,Oestereich,L.,Wozniak,D.M.,Efthymiadis,K.,Schachten,D.,Koenig,F.,Matjeschk,J.,Lorenzen,S.,Lumley,S.,Ighodalo,Y.,Adomeh,D.I.,Olokor,T.,Omomoh,E.,Omiumu,R.,Agbukor,J.,Ebo,B.,Aiyepada,J.,Ebhodaghe,P.,Osiemi,B.,Ehikhametalor,S.,Akhilomen,P.,Airende,M.,Esumeh,R.,Muoebonam,E.,Giwa,R.,Ekanem,A.,Igenegbale,G.,Odigie,G.,Okonofua,G.,Ukpetena,R.A.,Oyakhilome,J.,Yerumoh,E.O.,Odia,I.,Aire,C.,Okonofua,M.,Atafo,R.,Tobin,E.,Asogun,D.,Akpede,N.,Okokhere,P.O.,Rafiu,M.O.,Iraoyah,K.O.,Iruolagbe,C.O.,Akhideno,P.,Erameh,C.,Akpede,G.,Isibor,E.,Naidoo,D.,Hewson,R.,Hiscox,J.A.,Vipond,R.,Carroll,M.W.,Ihekweazu,C.,Formenty,P.,Okogbenin,S.,Ogbaini-Emovon,E.,Gunther,S.,Duraffour,S.	Kafetzopoulou et al.	Bernhard-Nocht-Institute for Tropical Medicine, Department of Virology	2014.0671232876712
MK117829	MK117829.1	LASV/H.sapiens-wt/NGA/2017/IRR_001	2017-01-24	Africa	Nigeria	Nasarawa State		6715	Homo sapiens		2018-12-10	2018-12-10		Kafetzopoulou,L.E.,Pullan,S.T.,Lemey,P.,Suchard,M.A.,Ehichioya,D.U.,Pahlmann,M.,Thielebein,A.,Hinzmann,J.,Oestereich,L.,Wozniak,D.M.,Efthymiadis,K.,Schachten,D.,Koenig,F.,Matjeschk,J.,Lorenzen,S.,Lumley,S.,Ighodalo,Y.,Adomeh,D.I.,Olokor,T.,Omomoh,E.,Omiumu,R.,Agbukor,J.,Ebo,B.,Aiyepada,J.,Ebhodaghe,P.,Osiemi,B.,Ehikhametalor,S.,Akhilomen,P.,Airende,M.,Esumeh,R.,Muoebonam,E.,Giwa,R.,Ekanem,A.,Igenegbale,G.,Odigie,G.,Okonofua,G.,Ukpetena,R.A.,Oyakhilome,J.,Yerumoh,E.O.,Odia,I.,Aire,C.,Okonofua,M.,Atafo,R.,Tobin,E.,Asogun,D.,Akpede,N.,Okokhere,P.O.,Rafiu,M.O.,Iraoyah,K.O.,Iruolagbe,C.O.,Akhideno,P.,Erameh,C.,Akpede,G.,Isibor,E.,Naidoo,D.,Hewson,R.,Hiscox,J.A.,Vipond,R.,Carroll,M.W.,Ihekweazu,C.,Formenty,P.,Okogbenin,S.,Ogbaini-Emovon,E.,Gunther,S.,Duraffour,S.	Kafetzopoulou et al.	Bernhard-Nocht-Institute for Tropical Medicine, Department of Virology	2017.0643835616438
MK117867	MK117867.1	LASV/H.sapiens-wt/NGA/2017/IRR_008	2017-02-02	Africa	Nigeria	Ebonyi		7082	Homo sapiens		2018-12-10	2018-12-10		Kafetzopoulou,L.E.,Pullan,S.T.,Lemey,P.,Suchard,M.A.,Ehichioya,D.U.,Pahlmann,M.,Thielebein,A.,Hinzmann,J.,Oestereich,L.,Wozniak,D.M.,Efthymiadis,K.,Schachten,D.,Koenig,F.,Matjeschk,J.,Lorenzen,S.,Lumley,S.,Ighodalo,Y.,Adomeh,D.I.,Olokor,T.,Omomoh,E.,Omiumu,R.,Agbukor,J.,Ebo,B.,Aiyepada,J.,Ebhodaghe,P.,Osiemi,B.,Ehikhametalor,S.,Akhilomen,P.,Airende,M.,Esumeh,R.,Muoebonam,E.,Giwa,R.,Ekanem,A.,Igenegbale,G.,Odigie,G.,Okonofua,G.,Ukpetena,R.A.,Oyakhilome,J.,Yerumoh,E.O.,Odia,I.,Aire,C.,Okonofua,M.,Atafo,R.,Tobin,E.,Asogun,D.,Akpede,N.,Okokhere,P.O.,Rafiu,M.O.,Iraoyah,K.O.,Iruolagbe,C.O.,Akhideno,P.,Erameh,C.,Akpede,G.,Isibor,E.,Naidoo,D.,Hewson,R.,Hiscox,J.A.,Vipond,R.,Carroll,M.W.,Ihekweazu,C.,Formenty,P.,Okogbenin,S.,Ogbaini-Emovon,E.,Gunther,S.,Duraffour,S.	Kafetzopoulou et al.	Bernhard-Nocht-Institute for Tropical Medicine, Department of Virology	2017.0890410958905
MK117874	MK117874.1	LASV/H.sapiens-wt/NGA/2018/IRR_007	2018-01-09	Africa	Nigeria	Ondo State		6407	Homo sapiens		2018-12-10	2018-12-10		Kafetzopoulou,L.E.,Pullan,S.T.,Lemey,P.,Suchard,M.A.,Ehichioya,D.U.,Pahlmann,M.,Thielebein,A.,Hinzmann,J.,Oestereich,L.,Wozniak,D.M.,Efthymiadis,K.,Schachten,D.,Koenig,F.,Matjeschk,J.,Lorenzen,S.,Lumley,S.,Ighodalo,Y.,Adomeh,D.I.,Olokor,T.,Omomoh,E.,Omiumu,R.,Agbukor,J.,Ebo,B.,Aiyepada,J.,Ebhodaghe,P.,Osiemi,B.,Ehikhametalor,S.,Akhilomen,P.,Airende,M.,Esumeh,R.,Muoebonam,E.,Giwa,R.,Ekanem,A.,Igenegbale,G.,Odigie,G.,Okonofua,G.,Ukpetena,R.A.,Oyakhilome,J.,Yerumoh,E.O.,Odia,I.,Aire,C.,Okonofua,M.,Atafo,R.,Tobin,E.,Asogun,D.,Akpede,N.,Okokhere,P.O.,Rafiu,M.O.,Iraoyah,K.O.,Iruolagbe,C.O.,Akhideno,P.,Erameh,C.,Akpede,G.,Isibor,E.,Naidoo,D.,Hewson,R.,Hiscox,J.A.,Vipond,R.,Carroll,M.W.,Ihekweazu,C.,Formenty,P.,Okogbenin,S.,Ogbaini-Emovon,E.,Gunther,S.,Duraffour,S.	Kafetzopoulou et al.	Bernhard-Nocht-Institute for Tropical Medicine, Department of Virology	2018.0232876712328
MK117880	MK117880.1	LASV/H.sapiens-wt/NGA/2018/IRR_014	2018-01-15	Africa	Nigeria	Owo		7240	Homo sapiens		2018-12-10	2018-12-10		Kafetzopoulou,L.E.,Pullan,S.T.,Lemey,P.,Suchard,M.A.,Ehichioya,D.U.,Pahlmann,M.,Thielebein,A.,Hinzmann,J.,Oestereich,L.,Wozniak,D.M.,Efthymiadis,K.,Schachten,D.,Koenig,F.,Matjeschk,J.,Lorenzen,S.,Lumley,S.,Ighodalo,Y.,Adomeh,D.I.,Olokor,T.,Omomoh,E.,Omiumu,R.,Agbukor,J.,Ebo,B.,Aiyepada,J.,Ebhodaghe,P.,Osiemi,B.,Ehikhametalor,S.,Akhilomen,P.,Airende,M.,Esumeh,R.,Muoebonam,E.,Giwa,R.,Ekanem,A.,Igenegbale,G.,Odigie,G.,Okonofua,G.,Ukpetena,R.A.,Oyakhilome,J.,Yerumoh,E.O.,Odia,I.,Aire,C.,Okonofua,M.,Atafo,R.,Tobin,E.,Asogun,D.,Akpede,N.,Okokhere,P.O.,Rafiu,M.O.,Iraoyah,K.O.,Iruolagbe,C.O.,Akhideno,P.,Erameh,C.,Akpede,G.,Isibor,E.,Naidoo,D.,Hewson,R.,Hiscox,J.A.,Vipond,R.,Carroll,M.W.,Ihekweazu,C.,Formenty,P.,Okogbenin,S.,Ogbaini-Emovon,E.,Gunther,S.,Duraffour,S.	Kafetzopoulou et al.	Bernhard-Nocht-Institute for Tropical Medicine, Department of Virology	2018.0397260273974
MK117888	MK117888.1	LASV/H.sapiens-wt/NGA/2018/IRR_024	2018-01-19	Africa	Nigeria	Edo		7250	Homo sapiens		2018-12-10	2018-12-10		Kafetzopoulou,L.E.,Pullan,S.T.,Lemey,P.,Suchard,M.A.,Ehichioya,D.U.,Pahlmann,M.,Thielebein,A.,Hinzmann,J.,Oestereich,L.,Wozniak,D.M.,Efthymiadis,K.,Schachten,D.,Koenig,F.,Matjeschk,J.,Lorenzen,S.,Lumley,S.,Ighodalo,Y.,Adomeh,D.I.,Olokor,T.,Omomoh,E.,Omiumu,R.,Agbukor,J.,Ebo,B.,Aiyepada,J.,Ebhodaghe,P.,Osiemi,B.,Ehikhametalor,S.,Akhilomen,P.,Airende,M.,Esumeh,R.,Muoebonam,E.,Giwa,R.,Ekanem,A.,Igenegbale,G.,Odigie,G.,Okonofua,G.,Ukpetena,R.A.,Oyakhilome,J.,Yerumoh,E.O.,Odia,I.,Aire,C.,Okonofua,M.,Atafo,R.,Tobin,E.,Asogun,D.,Akpede,N.,Okokhere,P.O.,Rafiu,M.O.,Iraoyah,K.O.,Iruolagbe,C.O.,Akhideno,P.,Erameh,C.,Akpede,G.,Isibor,E.,Naidoo,D.,Hewson,R.,Hiscox,J.A.,Vipond,R.,Carroll,M.W.,Ihekweazu,C.,Formenty,P.,Okogbenin,S.,Ogbaini-Emovon,E.,Gunther,S.,Duraffour,S.	Kafetzopoulou et al.	Bernhard-Nocht-Institute for Tropical Medicine, Department of Virology	2018.0506849315068
MK117891	MK117891.1	LASV/H.sapiens-wt/NGA/2018/IRR_033	2018-01-25	Africa	Nigeria	Edo		7236	Homo sapiens		2018-12-10	2018-12-10		Kafetzopoulou,L.E.,Pullan,S.T.,Lemey,P.,Suchard,M.A.,Ehichioya,D.U.,Pahlmann,M.,Thielebein,A.,Hinzmann,J.,Oestereich,L.,Wozniak,D.M.,Efthymiadis,K.,Schachten,D.,Koenig,F.,Matjeschk,J.,Lorenzen,S.,Lumley,S.,Ighodalo,Y.,Adomeh,D.I.,Olokor,T.,Omomoh,E.,Omiumu,R.,Agbukor,J.,Ebo,B.,Aiyepada,J.,Ebhodaghe,P.,Osiemi,B.,Ehikhametalor,S.,Akhilomen,P.,Airende,M.,Esumeh,R.,Muoebonam,E.,Giwa,R.,Ekanem,A.,Igenegbale,G.,Odigie,G.,Okonofua,G.,Ukpetena,R.A.,Oyakhilome,J.,Yerumoh,E.O.,Odia,I.,Aire,C.,Okonofua,M.,Atafo,R.,Tobin,E.,Asogun,D.,Akpede,N.,Okokhere,P.O.,Rafiu,M.O.,Iraoyah,K.O.,Iruolagbe,C.O.,Akhideno,P.,Erameh,C.,Akpede,G.,Isibor,E.,Naidoo,D.,Hewson,R.,Hiscox,J.A.,Vipond,R.,Carroll,M.W.,Ihekweazu,C.,Formenty,P.,Okogbenin,S.,Ogbaini-Emovon,E.,Gunther,S.,Duraffour,S.	Kafetzopoulou et al.	Bernhard-Nocht-Institute for Tropical Medicine, Department of Virology	2018.0671232876712
MK117926	MK117926.1	LASV/H.sapiens-wt/NGA/2018/IRR_091	2018-02-15	Africa	Nigeria	Edo		7188	Homo sapiens		2018-12-10	2018-12-10		Kafetzopoulou,L.E.,Pullan,S.T.,Lemey,P.,Suchard,M.A.,Ehichioya,D.U.,Pahlmann,M.,Thielebein,A.,Hinzmann,J.,Oestereich,L.,Wozniak,D.M.,Efthymiadis,K.,Schachten,D.,Koenig,F.,Matjeschk,J.,Lorenzen,S.,Lumley,S.,Ighodalo,Y.,Adomeh,D.I.,Olokor,T.,Omomoh,E.,Omiumu,R.,Agbukor,J.,Ebo,B.,Aiyepada,J.,Ebhodaghe,P.,Osiemi,B.,Ehikhametalor,S.,Akhilomen,P.,Airende,M.,Esumeh,R.,Muoebonam,E.,Giwa,R.,Ekanem,A.,Igenegbale,G.,Odigie,G.,Okonofua,G.,Ukpetena,R.A.,Oyakhilome,J.,Yerumoh,E.O.,Odia,I.,Aire,C.,Okonofua,M.,Atafo,R.,Tobin,E.,Asogun,D.,Akpede,N.,Okokhere,P.O.,Rafiu,M.O.,Iraoyah,K.O.,Iruolagbe,C.O.,Akhideno,P.,Erameh,C.,Akpede,G.,Isibor,E.,Naidoo,D.,Hewson,R.,Hiscox,J.A.,Vipond,R.,Carroll,M.W.,Ihekweazu,C.,Formenty,P.,Okogbenin,S.,Ogbaini-Emovon,E.,Gunther,S.,Duraffour,S.	Kafetzopoulou et al.	Bernhard-Nocht-Institute for Tropical Medicine, Department of Virology	2018.1246575342466
MK117942	MK117942.1	LASV/H.sapiens-wt/NGA/2018/IRR_126	2018-02-28	Africa	Nigeria	Ondo State		7229	Homo sapiens		2018-12-10	2018-12-10		Kafetzopoulou,L.E.,Pullan,S.T.,Lemey,P.,Suchard,M.A.,Ehichioya,D.U.,Pahlmann,M.,Thielebein,A.,Hinzmann,J.,Oestereich,L.,Wozniak,D.M.,Efthymiadis,K.,Schachten,D.,Koenig,F.,Matjeschk,J.,Lorenzen,S.,Lumley,S.,Ighodalo,Y.,Adomeh,D.I.,Olokor,T.,Omomoh,E.,Omiumu,R.,Agbukor,J.,Ebo,B.,Aiyepada,J.,Ebhodaghe,P.,Osiemi,B.,Ehikhametalor,S.,Akhilomen,P.,Airende,M.,Esumeh,R.,Muoebonam,E.,Giwa,R.,Ekanem,A.,Igenegbale,G.,Odigie,G.,Okonofua,G.,Ukpetena,R.A.,Oyakhilome,J.,Yerumoh,E.O.,Odia,I.,Aire,C.,Okonofua,M.,Atafo,R.,Tobin,E.,Asogun,D.,Akpede,N.,Okokhere,P.O.,Rafiu,M.O.,Iraoyah,K.O.,Iruolagbe,C.O.,Akhideno,P.,Erameh,C.,Akpede,G.,Isibor,E.,Naidoo,D.,Hewson,R.,Hiscox,J.A.,Vipond,R.,Carroll,M.W.,Ihekweazu,C.,Formenty,P.,Okogbenin,S.,Ogbaini-Emovon,E.,Gunther,S.,Duraffour,S.	Kafetzopoulou et al.	Bernhard-Nocht-Institute for Tropical Medicine, Department of Virology	2018.1602739726027
MK117944	MK117944.1	LASV/H.sapiens-wt/NGA/2018/IRR_133	2018-03-02	Africa	Nigeria	Kogi		6938	Homo sapiens		2018-12-10	2018-12-10		Kafetzopoulou,L.E.,Pullan,S.T.,Lemey,P.,Suchard,M.A.,Ehichioya,D.U.,Pahlmann,M.,Thielebein,A.,Hinzmann,J.,Oestereich,L.,Wozniak,D.M.,Efthymiadis,K.,Schachten,D.,Koenig,F.,Matjeschk,J.,Lorenzen,S.,Lumley,S.,Ighodalo,Y.,Adomeh,D.I.,Olokor,T.,Omomoh,E.,Omiumu,R.,Agbukor,J.,Ebo,B.,Aiyepada,J.,Ebhodaghe,P.,Osiemi,B.,Ehikhametalor,S.,Akhilomen,P.,Airende,M.,Esumeh,R.,Muoebonam,E.,Giwa,R.,Ekanem,A.,Igenegbale,G.,Odigie,G.,Okonofua,G.,Ukpetena,R.A.,Oyakhilome,J.,Yerumoh,E.O.,Odia,I.,Aire,C.,Okonofua,M.,Atafo,R.,Tobin,E.,Asogun,D.,Akpede,N.,Okokhere,P.O.,Rafiu,M.O.,Iraoyah,K.O.,Iruolagbe,C.O.,Akhideno,P.,Erameh,C.,Akpede,G.,Isibor,E.,Naidoo,D.,Hewson,R.,Hiscox,J.A.,Vipond,R.,Carroll,M.W.,Ihekweazu,C.,Formenty,P.,Okogbenin,S.,Ogbaini-Emovon,E.,Gunther,S.,Duraffour,S.	Kafetzopoulou et al.	Bernhard-Nocht-Institute for Tropical Medicine, Department of Virology	2018.1657534246576
MT861993	MT861993.1	LASV/GUI/KIS-2019	2019-01-28	Africa	Guinea	Kissidougou		6833	Homo sapiens		2020-10-03	2020-10-03		Magassouba,N.,Koivogui,E.,Conde,S.,Kone,M.,Koropogui,M.,Soropogui,B.,Kekoura,I.,Hinzmann,J.,Guenther,S.,Keita,S.,Duraffour,S.,Fichet-Calvet,E.,N'Faly Magassouba,N.,Fichet-Calve,E.	Magassouba et al.	Bernhard Nocht Institute for Tropical Medicine, Virology dpt.	2019.0753424657535
OL774862	OL774862.1	Mali_2009	2009-02-XX	Africa	Mali			7242	Homo sapiens		2022-12-10	2022-12-10		Ashraf,S.,Love,H.,Burton,C.,Carmichael,S.,Davis,C.,Filipe,A.D.,Roddy,S.,Smollett,K.,Summers,S.,Tong,L.,Richards,K.S.,Thomson,E.C.	Ashraf et al.	University of Glasgow, MRC Centre for Virus Research	[2009.0863013698631:2009.1602739726027]
OM735969	OM735969.1	M.natalensis-wt/SLE/2019/Bafodia-00303	2019-11-06	Africa	Sierra Leone	Bafodia		7279	Mastomys natalensis		2022-07-02	2023-11-22		Ghersi,B.,Vucak,M.,Nichols,J.,Bangura,J.,Davison,A.J.,Bird,B.	Ghersi et al.	University of Glasgow, Centre for Virus Research	2019.8479452054794
OM735971	OM735971.1	M.natalensis-wt/SLE/2019/Largo-00292	2019-10-27	Africa	Sierra Leone	Largo		7285	Mastomys natalensis		2022-07-02	2023-11-22		Ghersi,B.,Vucak,M.,Nichols,J.,Bangura,J.,Davison,A.J.,Bird,B.	Ghersi et al.	University of Glasgow, Centre for Virus Research	2019.8205479452056
OM735973	OM735973.1	M.natalensis-wt/SLE/2019/Largo-00291	2019-10-27	Africa	Sierra Leone	Largo		7285	Mastomys natalensis		2022-07-02	2023-11-22		Ghersi,B.,Vucak,M.,Nichols,J.,Bangura,J.,Davison,A.J.,Bird,B.	Ghersi et al.	University of Glasgow, Centre for Virus Research	2019.8205479452056
OM735975	OM735975.1	L.sikapusi-wt/SLE/2019/Barlie-00241	2019-10-11	Africa	Sierra Leone	Barlie		7240	Lophuromys sikapusi		2022-07-02	2023-11-22		Ghersi,B.,Vucak,M.,Nichols,J.,Bangura,J.,Davison,A.J.,Bird,B.	Ghersi et al.	University of Glasgow, Centre for Virus Research	2019.7767123287672
OM735977	OM735977.1	M.natalensis-wt/SLE/2019/Kapethe-00217	2019-10-03	Africa	Sierra Leone	Kapethe		7282	Mastomys natalensis		2022-07-02	2023-11-22		Ghersi,B.,Vucak,M.,Nichols,J.,Bangura,J.,Davison,A.J.,Bird,B.	Ghersi et al.	University of Glasgow, Centre for Virus Research	2019.7547945205479
OM735979	OM735979.1	M.natalensis-wt/SLE/2019/Kapethe-00214	2019-10-03	Africa	Sierra Leone	Kapethe		7282	Mastomys natalensis		2022-07-02	2023-11-22		Ghersi,B.,Vucak,M.,Nichols,J.,Bangura,J.,Davison,A.J.,Bird,B.	Ghersi et al.	University of Glasgow, Centre for Virus Research	2019.7547945205479
OM735981	OM735981.1	M.natalensis-wt/SLE/2019/Bafodia-00204	2019-09-08	Africa	Sierra Leone	Bafodia		7279	Mastomys natalensis		2022-07-02	2023-11-22		Ghersi,B.,Vucak,M.,Nichols,J.,Bangura,J.,Davison,A.J.,Bird,B.	Ghersi et al.	University of Glasgow, Centre for Virus Research	2019.686301369863
OM735983	OM735983.1	M.natalensis-wt/SLE/2019/Bafodia-00188	2019-09-08	Africa	Sierra Leone	Bafodia		7470	Mastomys natalensis		2022-07-02	2023-11-22		Ghersi,B.,Vucak,M.,Nichols,J.,Bangura,J.,Davison,A.J.,Bird,B.	Ghersi et al.	University of Glasgow, Centre for Virus Research	2019.686301369863
OM735985	OM735985.1	M.natalensis-wt/SLE/2019/Bafodia-00187	2019-09-08	Africa	Sierra Leone	Bafodia		7272	Mastomys natalensis		2022-07-02	2023-11-22		Ghersi,B.,Vucak,M.,Nichols,J.,Bangura,J.,Davison,A.J.,Bird,B.	Ghersi et al.	University of Glasgow, Centre for Virus Research	2019.686301369863
OM735987	OM735987.1	M.natalensis-wt/SLE/2019/Bafodia-00106	2019-09-07	Africa	Sierra Leone	Bafodia		7276	Mastomys natalensis		2022-07-02	2023-11-22		Ghersi,B.,Vucak,M.,Nichols,J.,Bangura,J.,Davison,A.J.,Bird,B.	Ghersi et al.	University of Glasgow, Centre for Virus Research	2019.6835616438357
OM735989	OM735989.1	M.natalensis-wt/SLE/2019/Makump-00052	2019-08-02	Africa	Sierra Leone	Makump		7294	Mastomys natalensis		2022-07-02	2023-11-22		Ghersi,B.,Vucak,M.,Nichols,J.,Bangura,J.,Davison,A.J.,Bird,B.	Ghersi et al.	University of Glasgow, Centre for Virus Research	2019.5849315068492
OM735991	OM735991.1	L.sikapusi-wt/SLE/2019/Barlie-00019	2019-07-13	Africa	Sierra Leone	Barlie		7265	Lophuromys sikapusi		2022-07-02	2023-11-22		Ghersi,B.,Vucak,M.,Nichols,J.,Bangura,J.,Davison,A.J.,Bird,B.	Ghersi et al.	University of Glasgow, Centre for Virus Research	2019.5301369863014
OM791219	OM791219.1	M.natalensis/SLE/2020/Barlie-00512	2020-02-05	Africa	Sierra Leone	Barlie		7275	Mastomys natalensis		2022-07-13	2023-11-22		Ghersi,B.,Vucak,M.,Nichols,J.,Bangura,J.,Davison,A.J.,Bird,B.	Ghersi et al.	University of Glasgow, Centre for Virus Research	2020.0969945355191
OM791221	OM791221.1	M.natalensis/SLE/2020/Largo-00521	2020-02-18	Africa	Sierra Leone	Largo		7281	Mastomys natalensis		2022-07-13	2023-11-22		Ghersi,B.,Vucak,M.,Nichols,J.,Bangura,J.,Davison,A.J.,Bird,B.	Ghersi et al.	University of Glasgow, Centre for Virus Research	2020.1325136612022
OM791225	OM791225.1	M.erythroleucus/SLE/2019/Kamasseh-08476	2019-04-17	Africa	Sierra Leone	Kamasseh		7280	Mastomys erythroleucus		2022-07-13	2023-11-22		Ghersi,B.,Vucak,M.,Nichols,J.,Bangura,J.,Davison,A.J.,Bird,B.	Ghersi et al.	University of Glasgow, Centre for Virus Research	2019.2917808219179
OM791227	OM791227.1	M.natalensis/SLE/2019/Kamasseh-08477	2019-04-17	Africa	Sierra Leone	Kamasseh		7268	Mastomys natalensis		2022-07-13	2023-11-22		Ghersi,B.,Vucak,M.,Nichols,J.,Bangura,J.,Davison,A.J.,Bird,B.	Ghersi et al.	University of Glasgow, Centre for Virus Research	2019.2917808219179
OM791229	OM791229.1	M.natalensis/SLE/2019/Kapethe-08499	2019-05-29	Africa	Sierra Leone	Kapethe		7287	Mastomys natalensis		2022-07-13	2023-11-22		Ghersi,B.,Vucak,M.,Nichols,J.,Bangura,J.,Davison,A.J.,Bird,B.	Ghersi et al.	University of Glasgow, Centre for Virus Research	2019.4068493150685
OM791231	OM791231.1	M.natalensis/SLE/2019/Kapethe-08503	2019-05-30	Africa	Sierra Leone	Kapethe		7282	Mastomys natalensis		2022-07-13	2023-11-22		Ghersi,B.,Vucak,M.,Nichols,J.,Bangura,J.,Davison,A.J.,Bird,B.	Ghersi et al.	University of Glasgow, Centre for Virus Research	2019.4095890410958
OQ919499	OQ919499.1	G-8439-1-1	2020-01-14	Africa	Sierra Leone	Kgh		7105			2023-07-08	2023-07-08		Sandi,J.D.,Momoh,M.,Jalloh,A.M.S.,Kamara,M.S.,Kallon,T.M.P.S.,Baimba,F.,Samuels,R.J.,Wohl,S.,Alhasan,F.,Kanneh,L.,Park,D.,Siddle,K.J.,Schieffelin,J.,Sabeti,P.,Garry,R.F.,Andersen,K.G.,Happi,C.,Grant,D.S.,Schefflien,J.S.	Sandi et al.	Kenema Government Hospital, Viral Hemorrhagic Fever (Vhf) Laborarory	2020.0368852459017
OQ919500	OQ919500.1	G-7601-4-1	2017-04-09	Africa	Sierra Leone	Kgh		7149			2023-07-08	2023-07-08		Sandi,J.D.,Momoh,M.,Jalloh,A.M.S.,Kamara,M.S.,Kallon,T.M.P.S.,Baimba,F.,Samuels,R.J.,Wohl,S.,Alhasan,F.,Kanneh,L.,Park,D.,Siddle,K.J.,Schieffelin,J.,Sabeti,P.,Garry,R.F.,Andersen,K.G.,Happi,C.,Grant,D.S.,Schefflien,J.S.	Sandi et al.	Kenema Government Hospital, Viral Hemorrhagic Fever (Vhf) Laborarory	2017.2698630136986
OQ919501	OQ919501.1	G-7284-1-1	2016-06-30	Africa	Sierra Leone	Kgh		7172			2023-07-08	2023-07-08		Sandi,J.D.,Momoh,M.,Jalloh,A.M.S.,Kamara,M.S.,Kallon,T.M.P.S.,Baimba,F.,Samuels,R.J.,Wohl,S.,Alhasan,F.,Kanneh,L.,Park,D.,Siddle,K.J.,Schieffelin,J.,Sabeti,P.,Garry,R.F.,Andersen,K.G.,Happi,C.,Grant,D.S.,Schefflien,J.S.	Sandi et al.	Kenema Government Hospital, Viral Hemorrhagic Fever (Vhf) Laborarory	2016.4959016393443
OQ919502	OQ919502.1	G-27671-1-1	2022-06-09	Africa	Sierra Leone	Kgh		7072			2023-07-08	2023-07-08		Sandi,J.D.,Momoh,M.,Jalloh,A.M.S.,Kamara,M.S.,Kallon,T.M.P.S.,Baimba,F.,Samuels,R.J.,Wohl,S.,Alhasan,F.,Kanneh,L.,Park,D.,Siddle,K.J.,Schieffelin,J.,Sabeti,P.,Garry,R.F.,Andersen,K.G.,Happi,C.,Grant,D.S.,Schefflien,J.S.	Sandi et al.	Kenema Government Hospital, Viral Hemorrhagic Fever (Vhf) Laborarory	2022.4369863013699
OQ919504	OQ919504.1	G-8410-1-1	2019-12-26	Africa	Sierra Leone	Kgh		7190			2023-07-08	2023-07-08		Sandi,J.D.,Momoh,M.,Jalloh,A.M.S.,Kamara,M.S.,Kallon,T.M.P.S.,Baimba,F.,Samuels,R.J.,Wohl,S.,Alhasan,F.,Kanneh,L.,Park,D.,Siddle,K.J.,Schieffelin,J.,Sabeti,P.,Garry,R.F.,Andersen,K.G.,Happi,C.,Grant,D.S.,Schefflien,J.S.	Sandi et al.	Kenema Government Hospital, Viral Hemorrhagic Fever (Vhf) Laborarory	2019.9849315068493
OQ919505	OQ919505.1	G-7661-1-1	2017-08-03	Africa	Sierra Leone	Kgh		7182			2023-07-08	2023-07-08		Sandi,J.D.,Momoh,M.,Jalloh,A.M.S.,Kamara,M.S.,Kallon,T.M.P.S.,Baimba,F.,Samuels,R.J.,Wohl,S.,Alhasan,F.,Kanneh,L.,Park,D.,Siddle,K.J.,Schieffelin,J.,Sabeti,P.,Garry,R.F.,Andersen,K.G.,Happi,C.,Grant,D.S.,Schefflien,J.S.	Sandi et al.	Kenema Government Hospital, Viral Hemorrhagic Fever (Vhf) Laborarory	2017.5876712328768
OQ919506	OQ919506.1	G-27653-1-1	2022-05-28	Africa	Sierra Leone	Kgh		7079			2023-07-08	2023-07-08		Sandi,J.D.,Momoh,M.,Jalloh,A.M.S.,Kamara,M.S.,Kallon,T.M.P.S.,Baimba,F.,Samuels,R.J.,Wohl,S.,Alhasan,F.,Kanneh,L.,Park,D.,Siddle,K.J.,Schieffelin,J.,Sabeti,P.,Garry,R.F.,Andersen,K.G.,Happi,C.,Grant,D.S.,Schefflien,J.S.	Sandi et al.	Kenema Government Hospital, Viral Hemorrhagic Fever (Vhf) Laborarory	2022.4041095890411
OR113008	OR113008.1	G-27952-1-1	2023-04-11	Africa	Sierra Leone	Kgh		7167	Homo sapiens		2023-07-19	2023-07-19		Sandi,J.D.,Momoh,M.,Jalloh,A.M.S.,Kamara,M.S.,Kallon,T.M.P.S.,Baimba,F.,Samuels,R.J.,Wohl,S.,Alhasan,F.,Kanneh,L.,Park,D.,Siddle,K.J.,Schieffelin,J.,Sabeti,P.,Garry,R.F.,Andersen,K.G.,Happi,C.,Grant,D.S.,Schefflien,J.S.	Sandi et al.	Kenema Government Hospital, Viral Hemorrhagic Fever (VHF) Laborarory	2023.2753424657535
PP431157	PP431157.1	OWEHR140RS	2022-02-22	Africa	Nigeria	Owo		6577	Rodentia		2024-03-10	2024-03-10		Happi,A.N.,Ogunsanya,O.A.,Sijuwola,A.E.,Saibu,F.M.,Akano,K.,Ayinla,A.O.,Nwofoke,C.,Daodu,R.O.,Adedokun,O.A.,Fadele,J.,Elias,O.T.,Ogundana,K.E.,Lawal,O.Z.,Adelabu,A.,Nosamiefan,I.,Okolie,J.,Parker,Z.,McCauley,M.,Lombardi,K.,Eller,L.A.,Broach,E.,Prins,P.,Parker,E.,Page,B.,Heeney,J.L.,Modjarrad,K.,Collins,N.D.,Vasan,S.,Happi,C.T.	Happi et al.	Redeemers University, ACEGID	2022.1438356164383
PP431159	PP431159.1	OWIYR063	2021-06-16	Africa	Nigeria	Owo		6611	Rodentia		2024-03-10	2024-03-10		Happi,A.N.,Ogunsanya,O.A.,Sijuwola,A.E.,Saibu,F.M.,Akano,K.,Ayinla,A.O.,Nwofoke,C.,Daodu,R.O.,Adedokun,O.A.,Fadele,J.,Elias,O.T.,Ogundana,K.E.,Lawal,O.Z.,Adelabu,A.,Nosamiefan,I.,Okolie,J.,Parker,Z.,McCauley,M.,Lombardi,K.,Eller,L.A.,Broach,E.,Prins,P.,Parker,E.,Page,B.,Heeney,J.L.,Modjarrad,K.,Collins,N.D.,Vasan,S.,Happi,C.T.	Happi et al.	Redeemers University, ACEGID	2021.4561643835616
PP431168	PP431168.1	OWIYR062	2021-06-15	Africa	Nigeria	Owo		6576	Rodentia		2024-03-10	2024-03-10		Happi,A.N.,Ogunsanya,O.A.,Sijuwola,A.E.,Saibu,F.M.,Akano,K.,Ayinla,A.O.,Nwofoke,C.,Daodu,R.O.,Adedokun,O.A.,Fadele,J.,Elias,O.T.,Ogundana,K.E.,Lawal,O.Z.,Adelabu,A.,Nosamiefan,I.,Okolie,J.,Parker,Z.,McCauley,M.,Lombardi,K.,Eller,L.A.,Broach,E.,Prins,P.,Parker,E.,Page,B.,Heeney,J.L.,Modjarrad,K.,Collins,N.D.,Vasan,S.,Happi,C.T.	Happi et al.	Redeemers University, ACEGID	2021.4534246575342
PP431170	PP431170.1	OWEHR061KID	2021-11-11	Africa	Nigeria	Owo		6385	Rodentia		2024-03-10	2024-03-10		Happi,A.N.,Ogunsanya,O.A.,Sijuwola,A.E.,Saibu,F.M.,Akano,K.,Ayinla,A.O.,Nwofoke,C.,Daodu,R.O.,Adedokun,O.A.,Fadele,J.,Elias,O.T.,Ogundana,K.E.,Lawal,O.Z.,Adelabu,A.,Nosamiefan,I.,Okolie,J.,Parker,Z.,McCauley,M.,Lombardi,K.,Eller,L.A.,Broach,E.,Prins,P.,Parker,E.,Page,B.,Heeney,J.L.,Modjarrad,K.,Collins,N.D.,Vasan,S.,Happi,C.T.	Happi et al.	Redeemers University, ACEGID	2021.8616438356164
PP431171	PP431171.1	OWEHR133RS	2022-02-16	Africa	Nigeria	Owo		5223	Rodentia		2024-03-10	2024-03-10		Happi,A.N.,Ogunsanya,O.A.,Sijuwola,A.E.,Saibu,F.M.,Akano,K.,Ayinla,A.O.,Nwofoke,C.,Daodu,R.O.,Adedokun,O.A.,Fadele,J.,Elias,O.T.,Ogundana,K.E.,Lawal,O.Z.,Adelabu,A.,Nosamiefan,I.,Okolie,J.,Parker,Z.,McCauley,M.,Lombardi,K.,Eller,L.A.,Broach,E.,Prins,P.,Parker,E.,Page,B.,Heeney,J.L.,Modjarrad,K.,Collins,N.D.,Vasan,S.,Happi,C.T.	Happi et al.	Redeemers University, ACEGID	2022.127397260274
PP431174	PP431174.1	OWEHR159SPL	2022-08-03	Africa	Nigeria	Owo		5589	Rodentia		2024-03-10	2024-03-10		Happi,A.N.,Ogunsanya,O.A.,Sijuwola,A.E.,Saibu,F.M.,Akano,K.,Ayinla,A.O.,Nwofoke,C.,Daodu,R.O.,Adedokun,O.A.,Fadele,J.,Elias,O.T.,Ogundana,K.E.,Lawal,O.Z.,Adelabu,A.,Nosamiefan,I.,Okolie,J.,Parker,Z.,McCauley,M.,Lombardi,K.,Eller,L.A.,Broach,E.,Prins,P.,Parker,E.,Page,B.,Heeney,J.L.,Modjarrad,K.,Collins,N.D.,Vasan,S.,Happi,C.T.	Happi et al.	Redeemers University, ACEGID	2022.5876712328768
PP431177	PP431177.1	OWISR018KID	2021-04-06	Africa	Nigeria	Owo		6532	Rodentia		2024-03-10	2024-03-10		Happi,A.N.,Ogunsanya,O.A.,Sijuwola,A.E.,Saibu,F.M.,Akano,K.,Ayinla,A.O.,Nwofoke,C.,Daodu,R.O.,Adedokun,O.A.,Fadele,J.,Elias,O.T.,Ogundana,K.E.,Lawal,O.Z.,Adelabu,A.,Nosamiefan,I.,Okolie,J.,Parker,Z.,McCauley,M.,Lombardi,K.,Eller,L.A.,Broach,E.,Prins,P.,Parker,E.,Page,B.,Heeney,J.L.,Modjarrad,K.,Collins,N.D.,Vasan,S.,Happi,C.T.	Happi et al.	Redeemers University, ACEGID	2021.2616438356165
PP431182	PP431182.1	OWEHR140OS	2022-02-22	Africa	Nigeria	Owo		6292	Rodentia		2024-03-10	2024-03-10		Happi,A.N.,Ogunsanya,O.A.,Sijuwola,A.E.,Saibu,F.M.,Akano,K.,Ayinla,A.O.,Nwofoke,C.,Daodu,R.O.,Adedokun,O.A.,Fadele,J.,Elias,O.T.,Ogundana,K.E.,Lawal,O.Z.,Adelabu,A.,Nosamiefan,I.,Okolie,J.,Parker,Z.,McCauley,M.,Lombardi,K.,Eller,L.A.,Broach,E.,Prins,P.,Parker,E.,Page,B.,Heeney,J.L.,Modjarrad,K.,Collins,N.D.,Vasan,S.,Happi,C.T.	Happi et al.	Redeemers University, ACEGID	2022.1438356164383
PP431186	PP431186.1	OWEHR075KID	2021-06-29	Africa	Nigeria	Owo		6156	Rodentia		2024-03-10	2024-03-10		Happi,A.N.,Ogunsanya,O.A.,Sijuwola,A.E.,Saibu,F.M.,Akano,K.,Ayinla,A.O.,Nwofoke,C.,Daodu,R.O.,Adedokun,O.A.,Fadele,J.,Elias,O.T.,Ogundana,K.E.,Lawal,O.Z.,Adelabu,A.,Nosamiefan,I.,Okolie,J.,Parker,Z.,McCauley,M.,Lombardi,K.,Eller,L.A.,Broach,E.,Prins,P.,Parker,E.,Page,B.,Heeney,J.L.,Modjarrad,K.,Collins,N.D.,Vasan,S.,Happi,C.T.	Happi et al.	Redeemers University, ACEGID	2021.4917808219177
PP431191	PP431191.1	OWIYR108	2021-06-18	Africa	Nigeria	Owo		6641	Rodentia		2024-03-10	2024-03-10		Happi,A.N.,Ogunsanya,O.A.,Sijuwola,A.E.,Saibu,F.M.,Akano,K.,Ayinla,A.O.,Nwofoke,C.,Daodu,R.O.,Adedokun,O.A.,Fadele,J.,Elias,O.T.,Ogundana,K.E.,Lawal,O.Z.,Adelabu,A.,Nosamiefan,I.,Okolie,J.,Parker,Z.,McCauley,M.,Lombardi,K.,Eller,L.A.,Broach,E.,Prins,P.,Parker,E.,Page,B.,Heeney,J.L.,Modjarrad,K.,Collins,N.D.,Vasan,S.,Happi,C.T.	Happi et al.	Redeemers University, ACEGID	2021.4616438356165
PP431192	PP431192.1	OWEHR175SPL	2022-09-03	Africa	Nigeria	Owo		6611	Rodentia		2024-03-10	2024-03-10		Happi,A.N.,Ogunsanya,O.A.,Sijuwola,A.E.,Saibu,F.M.,Akano,K.,Ayinla,A.O.,Nwofoke,C.,Daodu,R.O.,Adedokun,O.A.,Fadele,J.,Elias,O.T.,Ogundana,K.E.,Lawal,O.Z.,Adelabu,A.,Nosamiefan,I.,Okolie,J.,Parker,Z.,McCauley,M.,Lombardi,K.,Eller,L.A.,Broach,E.,Prins,P.,Parker,E.,Page,B.,Heeney,J.L.,Modjarrad,K.,Collins,N.D.,Vasan,S.,Happi,C.T.	Happi et al.	Redeemers University, ACEGID	2022.672602739726
PP431197	PP431197.1	OWIYR124	2021-06-07	Africa	Nigeria	Owo		6663	Rodentia		2024-03-10	2024-03-10		Happi,A.N.,Ogunsanya,O.A.,Sijuwola,A.E.,Saibu,F.M.,Akano,K.,Ayinla,A.O.,Nwofoke,C.,Daodu,R.O.,Adedokun,O.A.,Fadele,J.,Elias,O.T.,Ogundana,K.E.,Lawal,O.Z.,Adelabu,A.,Nosamiefan,I.,Okolie,J.,Parker,Z.,McCauley,M.,Lombardi,K.,Eller,L.A.,Broach,E.,Prins,P.,Parker,E.,Page,B.,Heeney,J.L.,Modjarrad,K.,Collins,N.D.,Vasan,S.,Happi,C.T.	Happi et al.	Redeemers University, ACEGID	2021.4315068493152
PP431209	PP431209.1	OWEHR056KID	2021-11-07	Africa	Nigeria	Owo		6006	Rodentia		2024-03-10	2024-03-10		Happi,A.N.,Ogunsanya,O.A.,Sijuwola,A.E.,Saibu,F.M.,Akano,K.,Ayinla,A.O.,Nwofoke,C.,Daodu,R.O.,Adedokun,O.A.,Fadele,J.,Elias,O.T.,Ogundana,K.E.,Lawal,O.Z.,Adelabu,A.,Nosamiefan,I.,Okolie,J.,Parker,Z.,McCauley,M.,Lombardi,K.,Eller,L.A.,Broach,E.,Prins,P.,Parker,E.,Page,B.,Heeney,J.L.,Modjarrad,K.,Collins,N.D.,Vasan,S.,Happi,C.T.	Happi et al.	Redeemers University, ACEGID	2021.8506849315067
